testName,distanceToStaticHumans
MODELFILE01_Test_002_29_06_2025_05_34_14,2.142052980164381
MODELFILE01_Test_003_29_06_2025_05_34_14,2.3313800945617493
MODELFILE01_Test_005_29_06_2025_05_34_14,1.9676190217826481
MODELFILE01_Test_006_29_06_2025_05_34_14,2.145116802184933
MODELFILE01_Test_007_29_06_2025_05_34_14,2.8403486138421545
MODELFILE01_Test_008_29_06_2025_05_34_14,2.6302439824710917
MODELFILE01_Test_009_29_06_2025_05_34_14,0.24907032971974905
MODELFILE01_Test_010_29_06_2025_05_34_14,1.0803876531327168
MODELFILE01_Test_011_29_06_2025_05_34_14,3.1438234364303894
MODELFILE01_Test_012_29_06_2025_05_34_14,3.2963564837524353
MODELFILE01_Test_013_29_06_2025_05_34_14,2.5413756665812124
MODELFILE01_Test_014_29_06_2025_05_34_14,2.104708923098169
MODELFILE01_Test_015_29_06_2025_05_34_14,0.5562638640880196
MODELFILE01_Test_016_29_06_2025_05_34_14,3.6835142434307158
MODELFILE01_Test_017_29_06_2025_05_34_14,2.122046847113341
MODELFILE01_Test_018_29_06_2025_05_34_14,2.237508461750913
MODELFILE01_Test_019_29_06_2025_05_34_14,2.1274039293021962
MODELFILE01_Test_020_29_06_2025_05_34_14,0.677870843788169
MODELFILE01_Test_021_29_06_2025_05_34_14,2.4576775166904503
MODELFILE01_Test_022_29_06_2025_05_34_14,2.1333560053186726
MODELFILE01_Test_023_29_06_2025_05_34_14,2.1670356429100903
MODELFILE01_Test_025_29_06_2025_05_34_14,2.2713131839186684
MODELFILE01_Test_026_29_06_2025_05_34_14,0.5872275463593941
MODELFILE01_Test_027_29_06_2025_05_34_14,2.0425236654383205
MODELFILE01_Test_029_29_06_2025_05_34_14,2.354649350463187
MODELFILE01_Test_030_29_06_2025_05_34_14,2.1385008392224427
MODELFILE01_Test_032_29_06_2025_05_34_14,0.6134439911299442
MODELFILE01_Test_033_29_06_2025_06_41_26,3.4690275812323668
MODELFILE01_Test_034_29_06_2025_06_41_26,2.1399916144533466
MODELFILE01_Test_035_29_06_2025_06_41_26,0.7434842874545683
MODELFILE01_Test_036_29_06_2025_06_41_26,3.476938066978219
MODELFILE01_Test_037_29_06_2025_06_41_26,2.567391150219694
MODELFILE01_Test_038_29_06_2025_06_41_26,3.4998643076771234
MODELFILE01_Test_039_29_06_2025_06_41_26,2.346470444106344
MODELFILE01_Test_040_29_06_2025_06_41_26,2.388929804846297
MODELFILE01_Test_041_29_06_2025_06_41_26,2.116112405412292
MODELFILE01_Test_042_29_06_2025_06_41_26,1.169346282593379
MODELFILE01_Test_043_29_06_2025_06_41_26,2.0850807818399923
MODELFILE01_Test_044_29_06_2025_06_41_26,2.2094272496799077
MODELFILE01_Test_045_29_06_2025_06_41_26,2.313769798164911
MODELFILE01_Test_046_29_06_2025_06_41_26,2.5545167068361323
MODELFILE01_Test_047_29_06_2025_06_41_26,2.1170081865907804
MODELFILE01_Test_048_29_06_2025_06_41_26,2.5204296724699065
MODELFILE01_Test_049_29_06_2025_06_41_26,0.39479340851972644
MODELFILE01_Test_050_29_06_2025_06_41_26,1.885052866269066
MODELFILE01_Test_052_29_06_2025_06_41_26,3.6302893453724616
MODELFILE01_Test_053_29_06_2025_06_41_26,2.073817585895733
MODELFILE01_Test_054_29_06_2025_06_41_26,2.3914803959641038
MODELFILE01_Test_055_29_06_2025_06_41_26,2.0186687699647736
MODELFILE01_Test_056_29_06_2025_06_41_26,2.150932420327348
MODELFILE01_Test_057_29_06_2025_06_41_26,2.096395723364094
MODELFILE01_Test_060_29_06_2025_06_41_26,2.0615611810721326
MODELFILE01_Test_062_29_06_2025_06_41_26,3.4934736857556783
MODELFILE01_Test_063_29_06_2025_06_41_26,2.1532348420799
MODELFILE01_Test_064_29_06_2025_06_41_26,2.5882966354932866
MODELFILE01_Test_066_29_06_2025_07_48_49,2.5610438202877868
MODELFILE01_Test_067_29_06_2025_07_48_49,2.1147167174029144
MODELFILE01_Test_068_29_06_2025_07_48_49,2.587074805605945
MODELFILE01_Test_069_29_06_2025_07_48_49,1.9299704709589969
MODELFILE01_Test_070_29_06_2025_07_48_49,3.5300629876549925
MODELFILE01_Test_071_29_06_2025_07_48_49,2.4244047998623404
MODELFILE01_Test_072_29_06_2025_07_48_49,3.5018548673387415
MODELFILE01_Test_073_29_06_2025_07_48_49,2.0900949630373034
MODELFILE01_Test_075_29_06_2025_07_48_49,3.4966828059468282
MODELFILE01_Test_076_29_06_2025_07_48_49,0.2960366985697194
MODELFILE01_Test_077_29_06_2025_07_48_49,0.706792039750325
MODELFILE01_Test_078_29_06_2025_07_48_49,0.3524294949963262
MODELFILE01_Test_081_29_06_2025_07_48_49,2.182094612945401
MODELFILE01_Test_082_29_06_2025_07_48_49,2.218168458123942
MODELFILE01_Test_083_29_06_2025_07_48_49,2.1502912275703943
MODELFILE01_Test_085_29_06_2025_07_48_49,3.627614021818072
MODELFILE01_Test_086_29_06_2025_07_48_49,0.7554169494666428
MODELFILE01_Test_087_29_06_2025_07_48_49,1.0584728191410357
MODELFILE01_Test_089_29_06_2025_07_48_49,3.524666367789615
MODELFILE01_Test_090_29_06_2025_07_48_49,3.0079526140632162
MODELFILE01_Test_092_29_06_2025_07_48_49,0.20828715862747416
MODELFILE01_Test_093_29_06_2025_07_48_49,2.203163098566459
MODELFILE01_Test_094_29_06_2025_07_48_49,2.7380226178912803
MODELFILE01_Test_095_29_06_2025_07_48_49,3.6003001461062576
MODELFILE01_Test_096_29_06_2025_07_48_49,0.8467270005891511
MODELFILE01_Test_097_29_06_2025_08_53_52,2.596385799186354
MODELFILE01_Test_098_29_06_2025_08_53_52,2.16871979805157
MODELFILE01_Test_100_29_06_2025_08_53_52,2.3264839353979863
MODELFILE01_Test_101_29_06_2025_08_53_52,1.0456620434534465
MODELFILE01_Test_102_29_06_2025_08_53_52,0.9615506289559771
MODELFILE01_Test_103_29_06_2025_08_53_52,2.7106093285362065
MODELFILE01_Test_104_29_06_2025_08_53_52,2.714816071833984
MODELFILE01_Test_105_29_06_2025_08_53_52,2.114732935939571
MODELFILE01_Test_106_29_06_2025_08_53_52,2.1359440373618814
MODELFILE01_Test_108_29_06_2025_08_53_52,3.4951875053283294
MODELFILE01_Test_109_29_06_2025_08_53_52,2.0950294518266763
MODELFILE01_Test_111_29_06_2025_08_53_52,2.3482741264969906
MODELFILE01_Test_112_29_06_2025_08_53_52,0.8263724720308881
MODELFILE01_Test_113_29_06_2025_08_53_52,0.21608522141004877
MODELFILE01_Test_114_29_06_2025_08_53_52,2.7321764287516936
MODELFILE01_Test_115_29_06_2025_08_53_52,0.40088178142127207
MODELFILE01_Test_116_29_06_2025_08_53_52,0.8388728477353733
MODELFILE01_Test_117_29_06_2025_08_53_52,2.139790944307806
MODELFILE01_Test_118_29_06_2025_08_53_52,3.6094482682816285
MODELFILE01_Test_119_29_06_2025_08_53_52,0.8923334226152264
MODELFILE01_Test_120_29_06_2025_08_53_52,3.032967984669886
MODELFILE01_Test_121_29_06_2025_08_53_52,2.0713697070781083
MODELFILE01_Test_122_29_06_2025_08_53_52,0.44579119745043616
MODELFILE01_Test_123_29_06_2025_08_53_52,2.097627200990081
MODELFILE01_Test_124_29_06_2025_08_53_52,2.100469595655278
MODELFILE01_Test_127_29_06_2025_08_53_52,2.085142593824391
MODELFILE01_Test_128_29_06_2025_08_53_52,0.907426287586802
MODELFILE02_Test_001_29_06_2025_10_03_34,2.142956778551444
MODELFILE02_Test_002_29_06_2025_10_03_34,2.0341760544557816
MODELFILE02_Test_003_29_06_2025_10_03_34,2.234491268512767
MODELFILE02_Test_004_29_06_2025_10_03_34,0.7742207124337523
MODELFILE02_Test_005_29_06_2025_10_03_34,1.1627627007839014
MODELFILE02_Test_006_29_06_2025_10_03_34,0.2989521313388803
MODELFILE02_Test_008_29_06_2025_10_03_34,3.6878821136902795
MODELFILE02_Test_009_29_06_2025_10_03_34,3.4861655681094854
MODELFILE02_Test_010_29_06_2025_10_03_34,3.5236763898743804
MODELFILE02_Test_012_29_06_2025_10_03_34,0.29049760535249064
MODELFILE02_Test_013_29_06_2025_10_03_34,3.050140792871734
MODELFILE02_Test_014_29_06_2025_10_03_34,0.7979696304439509
MODELFILE02_Test_017_29_06_2025_10_03_34,2.163691355658977
MODELFILE02_Test_019_29_06_2025_10_03_34,0.9815110751202298
MODELFILE02_Test_020_29_06_2025_10_03_34,2.1546126438320847
MODELFILE02_Test_022_29_06_2025_10_03_34,2.185708003988366
MODELFILE02_Test_023_29_06_2025_10_03_34,2.0909869624455992
MODELFILE02_Test_026_29_06_2025_10_03_34,2.144894437745378
MODELFILE02_Test_027_29_06_2025_10_03_34,2.2946091438495886
MODELFILE02_Test_029_29_06_2025_10_03_34,2.1518526861472576
MODELFILE02_Test_030_29_06_2025_10_03_34,2.842028893868435
MODELFILE02_Test_031_29_06_2025_10_03_34,3.006371702634082
MODELFILE02_Test_032_29_06_2025_10_03_34,2.0444324299909766
MODELFILE02_Test_033_29_06_2025_11_09_16,2.140681336722209
MODELFILE02_Test_036_29_06_2025_11_09_16,1.0028414381773094
MODELFILE02_Test_037_29_06_2025_11_09_16,3.1655593355862983
MODELFILE02_Test_038_29_06_2025_11_09_16,3.484843453559823
MODELFILE02_Test_039_29_06_2025_11_09_16,0.46794106000771185
MODELFILE02_Test_040_29_06_2025_11_09_16,3.5358092139837325
MODELFILE02_Test_042_29_06_2025_11_09_16,3.6490511121737788
MODELFILE02_Test_043_29_06_2025_11_09_16,3.4642219747416356
MODELFILE02_Test_044_29_06_2025_11_09_16,3.0188165105632967
MODELFILE02_Test_045_29_06_2025_11_09_16,0.528291400036885
MODELFILE02_Test_046_29_06_2025_11_09_16,2.3807782435579585
MODELFILE02_Test_047_29_06_2025_11_09_16,0.3581274831444784
MODELFILE02_Test_048_29_06_2025_11_09_16,3.5066016411725416
MODELFILE02_Test_049_29_06_2025_11_09_16,1.262938661326899
MODELFILE02_Test_050_29_06_2025_11_09_16,1.1198074904262667
MODELFILE02_Test_051_29_06_2025_11_09_16,1.0764980684757117
MODELFILE02_Test_052_29_06_2025_11_09_16,3.508171471830394
MODELFILE02_Test_053_29_06_2025_11_09_16,0.7426221002884574
MODELFILE02_Test_054_29_06_2025_11_09_16,0.7430569529357357
MODELFILE02_Test_055_29_06_2025_11_09_16,3.5698058435097844
MODELFILE02_Test_056_29_06_2025_11_09_16,2.0757098428143625
MODELFILE02_Test_057_29_06_2025_11_09_16,2.1999259719268247
MODELFILE02_Test_058_29_06_2025_11_09_16,2.9430099293461622
MODELFILE02_Test_059_29_06_2025_11_09_16,0.7578684535782962
MODELFILE02_Test_061_29_06_2025_11_09_16,2.192539045523455
MODELFILE02_Test_062_29_06_2025_11_09_16,2.1072664219214383
MODELFILE02_Test_063_29_06_2025_11_09_16,1.8300713779253088
MODELFILE02_Test_064_29_06_2025_11_09_16,3.6143381601703393
MODELFILE02_Test_065_29_06_2025_12_16_49,0.6724286683835791
MODELFILE02_Test_066_29_06_2025_12_16_49,0.48013787876968417
MODELFILE02_Test_067_29_06_2025_12_16_49,0.3873601913924821
MODELFILE02_Test_068_29_06_2025_12_16_49,2.2084503690054733
MODELFILE02_Test_069_29_06_2025_12_16_49,0.9482575657471638
MODELFILE02_Test_070_29_06_2025_12_16_49,3.580513213518597
MODELFILE02_Test_071_29_06_2025_12_16_49,2.6580330259379674
MODELFILE02_Test_072_29_06_2025_12_16_49,2.1597021842117607
MODELFILE02_Test_073_29_06_2025_12_16_49,3.6452028003734367
MODELFILE02_Test_074_29_06_2025_12_16_49,0.650284200091518
MODELFILE02_Test_075_29_06_2025_12_16_49,0.8381932872354625
MODELFILE02_Test_076_29_06_2025_12_16_49,1.2036456316475932
MODELFILE02_Test_077_29_06_2025_12_16_49,1.1259332309975625
MODELFILE02_Test_078_29_06_2025_12_16_49,0.15581298212015143
MODELFILE02_Test_080_29_06_2025_12_16_49,1.0765872151832467
MODELFILE02_Test_081_29_06_2025_12_16_49,3.4787230696604365
MODELFILE02_Test_082_29_06_2025_12_16_49,2.371748908615179
MODELFILE02_Test_083_29_06_2025_12_16_49,3.5650908039751332
MODELFILE02_Test_084_29_06_2025_12_16_49,1.9323773255025658
MODELFILE02_Test_085_29_06_2025_12_16_49,0.8743800085368478
MODELFILE02_Test_086_29_06_2025_12_16_49,2.225710830065296
MODELFILE02_Test_087_29_06_2025_12_16_49,3.581359376462099
MODELFILE02_Test_089_29_06_2025_12_16_49,2.5017780551045643
MODELFILE02_Test_090_29_06_2025_12_16_49,0.9273672314106585
MODELFILE02_Test_091_29_06_2025_12_16_49,2.187210998457734
MODELFILE02_Test_092_29_06_2025_12_16_49,2.426768376977449
MODELFILE02_Test_093_29_06_2025_12_16_49,3.5841574747088956
MODELFILE02_Test_094_29_06_2025_12_16_49,2.943018482675518
MODELFILE02_Test_095_29_06_2025_12_16_49,0.8072087606166589
MODELFILE02_Test_096_29_06_2025_12_16_49,3.4982359010897426
MODELFILE02_Test_098_29_06_2025_13_23_52,0.35750080233069287
MODELFILE02_Test_099_29_06_2025_13_23_52,2.15546290441074
MODELFILE02_Test_100_29_06_2025_13_23_52,2.138428647731148
MODELFILE02_Test_101_29_06_2025_13_23_52,0.5504937147629863
MODELFILE02_Test_102_29_06_2025_13_23_52,2.690526606855987
MODELFILE02_Test_103_29_06_2025_13_23_52,2.4196707448321857
MODELFILE02_Test_106_29_06_2025_13_23_52,1.0494877287308384
MODELFILE02_Test_108_29_06_2025_13_23_52,0.5702206023687661
MODELFILE02_Test_109_29_06_2025_13_23_52,0.5936512511097035
MODELFILE02_Test_110_29_06_2025_13_23_52,3.5896497141063106
MODELFILE02_Test_111_29_06_2025_13_23_52,2.1702266845238234
MODELFILE02_Test_113_29_06_2025_13_23_52,2.1937303359827927
MODELFILE02_Test_114_29_06_2025_13_23_52,2.146122328265858
MODELFILE02_Test_115_29_06_2025_13_23_52,0.8236731668836964
MODELFILE02_Test_119_29_06_2025_13_23_52,2.1412639268669724
MODELFILE02_Test_120_29_06_2025_13_23_52,2.1921441012434717
MODELFILE02_Test_121_29_06_2025_13_23_52,2.1519280655417137
MODELFILE02_Test_122_29_06_2025_13_23_52,3.2886351631010355
MODELFILE02_Test_123_29_06_2025_13_23_52,2.282775216628433
MODELFILE02_Test_126_29_06_2025_13_23_52,1.0523153823386067
MODELFILE02_Test_128_29_06_2025_13_23_52,2.4216437386688123
MODELFILE03_Test_002_29_06_2025_14_34_12,2.6603379345365807
MODELFILE03_Test_003_29_06_2025_14_34_12,1.939995718967459
MODELFILE03_Test_004_29_06_2025_14_34_12,2.4826524527418674
MODELFILE03_Test_005_29_06_2025_14_34_12,2.7140021164244312
MODELFILE03_Test_007_29_06_2025_14_34_12,0.7359663277147832
MODELFILE03_Test_008_29_06_2025_14_34_12,3.2941065859763614
MODELFILE03_Test_009_29_06_2025_14_34_12,2.1361775599938095
MODELFILE03_Test_010_29_06_2025_14_34_12,0.7305638428110774
MODELFILE03_Test_013_29_06_2025_14_34_12,3.5427668555533423
MODELFILE03_Test_014_29_06_2025_14_34_12,1.580468852279483
MODELFILE03_Test_015_29_06_2025_14_34_12,2.1136815944421508
MODELFILE03_Test_018_29_06_2025_14_34_12,1.6241652876608246
MODELFILE03_Test_019_29_06_2025_14_34_12,0.6250058416310977
MODELFILE03_Test_021_29_06_2025_14_34_12,2.1698747701414467
MODELFILE03_Test_023_29_06_2025_14_34_12,0.9173585862165877
MODELFILE03_Test_024_29_06_2025_14_34_12,1.0338881433221345
MODELFILE03_Test_025_29_06_2025_14_34_12,3.1494988456776274
MODELFILE03_Test_026_29_06_2025_14_34_12,2.1725107232045264
MODELFILE03_Test_027_29_06_2025_14_34_12,1.9528009746769215
MODELFILE03_Test_028_29_06_2025_14_34_12,0.7759601917613074
MODELFILE03_Test_029_29_06_2025_14_34_12,2.5465487388415218
MODELFILE03_Test_030_29_06_2025_14_34_12,2.571626901836023
MODELFILE03_Test_031_29_06_2025_14_34_12,0.4916499043242705
MODELFILE03_Test_032_29_06_2025_14_34_12,2.0079853779357033
MODELFILE03_Test_033_29_06_2025_15_38_34,2.1408836854126148
MODELFILE03_Test_034_29_06_2025_15_38_34,0.43910649517791017
MODELFILE03_Test_035_29_06_2025_15_38_34,3.214408775906493
MODELFILE03_Test_036_29_06_2025_15_38_34,0.9296853905514126
MODELFILE03_Test_037_29_06_2025_15_38_34,2.1733594627869053
MODELFILE03_Test_038_29_06_2025_15_38_34,3.4820246627631044
MODELFILE03_Test_039_29_06_2025_15_38_34,2.523659100111894
MODELFILE03_Test_040_29_06_2025_15_38_34,2.150647870446195
MODELFILE03_Test_041_29_06_2025_15_38_34,1.8692497946534308
MODELFILE03_Test_042_29_06_2025_15_38_34,3.2556646807467637
MODELFILE03_Test_044_29_06_2025_15_38_34,0.38661357700692583
MODELFILE03_Test_045_29_06_2025_15_38_34,0.8518850944498525
MODELFILE03_Test_048_29_06_2025_15_38_34,3.4678546416579943
MODELFILE03_Test_050_29_06_2025_15_38_34,0.40988044105233545
MODELFILE03_Test_051_29_06_2025_15_38_34,2.676351788902806
MODELFILE03_Test_052_29_06_2025_15_38_34,3.508872007403589
MODELFILE03_Test_053_29_06_2025_15_38_34,1.888721748808877
MODELFILE03_Test_054_29_06_2025_15_38_34,3.6778899246721615
MODELFILE03_Test_055_29_06_2025_15_38_34,2.1542943111128174
MODELFILE03_Test_056_29_06_2025_15_38_34,2.12361287465982
MODELFILE03_Test_057_29_06_2025_15_38_34,3.5900874789569848
MODELFILE03_Test_058_29_06_2025_15_38_34,2.258868365329652
MODELFILE03_Test_059_29_06_2025_15_38_34,0.6538709515374307
MODELFILE03_Test_060_29_06_2025_15_38_34,2.1639072344079913
MODELFILE03_Test_061_29_06_2025_15_38_34,2.756526457644919
MODELFILE03_Test_062_29_06_2025_15_38_34,3.484525356927311
MODELFILE03_Test_063_29_06_2025_15_38_34,2.1242196638729363
MODELFILE03_Test_064_29_06_2025_15_38_34,3.0682653768836032
MODELFILE03_Test_065_29_06_2025_16_45_17,2.60555313704086
MODELFILE03_Test_066_29_06_2025_16_45_17,0.9361847638139362
MODELFILE03_Test_068_29_06_2025_16_45_17,2.052235669341577
MODELFILE03_Test_070_29_06_2025_16_45_17,3.3987443281260377
MODELFILE03_Test_071_29_06_2025_16_45_17,2.2547461442078998
MODELFILE03_Test_072_29_06_2025_16_45_17,0.4015965363550449
MODELFILE03_Test_074_29_06_2025_16_45_17,3.564463881812039
MODELFILE03_Test_076_29_06_2025_16_45_17,3.4808862754222964
MODELFILE03_Test_077_29_06_2025_16_45_17,2.188576994071381
MODELFILE03_Test_078_29_06_2025_16_45_17,2.0771471276618887
MODELFILE03_Test_079_29_06_2025_16_45_17,2.408457478244286
MODELFILE03_Test_080_29_06_2025_16_45_17,0.7081149803533273
MODELFILE03_Test_081_29_06_2025_16_45_17,0.9563335452622697
MODELFILE03_Test_083_29_06_2025_16_45_17,1.7324066708626216
MODELFILE03_Test_084_29_06_2025_16_45_17,2.1199063787207453
MODELFILE03_Test_085_29_06_2025_16_45_17,2.264657791334611
MODELFILE03_Test_086_29_06_2025_16_45_17,3.5063635273852123
MODELFILE03_Test_087_29_06_2025_16_45_17,1.677586882003894
MODELFILE03_Test_088_29_06_2025_16_45_17,0.4528739112101
MODELFILE03_Test_089_29_06_2025_16_45_17,2.7680507562904
MODELFILE03_Test_090_29_06_2025_16_45_17,3.4975403752156544
MODELFILE03_Test_091_29_06_2025_16_45_17,0.9033317120644014
MODELFILE03_Test_092_29_06_2025_16_45_17,2.1794940207135776
MODELFILE03_Test_093_29_06_2025_16_45_17,1.9413410825892943
MODELFILE03_Test_095_29_06_2025_16_45_17,1.5680366394006364
MODELFILE03_Test_097_29_06_2025_17_51_40,0.6803165370470234
MODELFILE03_Test_098_29_06_2025_17_51_40,3.6495429233210372
MODELFILE03_Test_099_29_06_2025_17_51_40,2.1152600926236524
MODELFILE03_Test_100_29_06_2025_17_51_40,0.509998372425164
MODELFILE03_Test_101_29_06_2025_17_51_40,0.463781118926271
MODELFILE03_Test_102_29_06_2025_17_51_40,3.488454268291547
MODELFILE03_Test_103_29_06_2025_17_51_40,2.0869055493127875
MODELFILE03_Test_104_29_06_2025_17_51_40,2.1842845395065162
MODELFILE03_Test_105_29_06_2025_17_51_40,3.4798465627692488
MODELFILE03_Test_106_29_06_2025_17_51_40,2.1624378973697707
MODELFILE03_Test_107_29_06_2025_17_51_40,0.6580801158071931
MODELFILE03_Test_108_29_06_2025_17_51_40,2.202231118478785
MODELFILE03_Test_109_29_06_2025_17_51_40,1.7609282290762531
MODELFILE03_Test_110_29_06_2025_17_51_40,0.3892198488346362
MODELFILE03_Test_111_29_06_2025_17_51_40,2.5592288792554814
MODELFILE03_Test_113_29_06_2025_17_51_40,0.2847458493224141
MODELFILE03_Test_114_29_06_2025_17_51_40,3.4742706454454044
MODELFILE03_Test_115_29_06_2025_17_51_40,1.6801301631569372
MODELFILE03_Test_116_29_06_2025_17_51_40,2.5340859733187995
MODELFILE03_Test_117_29_06_2025_17_51_40,0.5255471167439301
MODELFILE03_Test_118_29_06_2025_17_51_40,2.531465435308485
MODELFILE03_Test_119_29_06_2025_17_51_40,0.5914576435361184
MODELFILE03_Test_120_29_06_2025_17_51_40,2.1286891955359106
MODELFILE03_Test_121_29_06_2025_17_51_40,2.6653798637909167
MODELFILE03_Test_123_29_06_2025_17_51_40,3.6612110249499015
MODELFILE03_Test_124_29_06_2025_17_51_40,0.6265348657680182
MODELFILE03_Test_126_29_06_2025_17_51_40,2.125511513430735
MODELFILE03_Test_127_29_06_2025_17_51_40,1.4863447678942319
MODELFILE03_Test_128_29_06_2025_17_51_40,3.664993390344069
MODELFILE04_Test_001_29_06_2025_19_02_41,1.5225806521198693
MODELFILE04_Test_002_29_06_2025_19_02_41,2.2513521562572625
MODELFILE04_Test_003_29_06_2025_19_02_41,2.696340320995595
MODELFILE04_Test_004_29_06_2025_19_02_41,3.5255049039543254
MODELFILE04_Test_005_29_06_2025_19_02_41,2.4783890979988006
MODELFILE04_Test_006_29_06_2025_19_02_41,0.38218340747770546
MODELFILE04_Test_007_29_06_2025_19_02_41,0.36923312496001603
MODELFILE04_Test_008_29_06_2025_19_02_41,1.7234568901372433
MODELFILE04_Test_009_29_06_2025_19_02_41,1.013208191492141
MODELFILE04_Test_010_29_06_2025_19_02_41,2.592673764178693
MODELFILE04_Test_011_29_06_2025_19_02_41,2.317511288634476
MODELFILE04_Test_012_29_06_2025_19_02_41,2.3081299555662116
MODELFILE04_Test_014_29_06_2025_19_02_41,2.1956206642794567
MODELFILE04_Test_015_29_06_2025_19_02_41,2.16058393501225
MODELFILE04_Test_016_29_06_2025_19_02_41,1.1670112584859658
MODELFILE04_Test_017_29_06_2025_19_02_41,2.0914148374516746
MODELFILE04_Test_020_29_06_2025_19_02_41,3.2162560359848062
MODELFILE04_Test_022_29_06_2025_19_02_41,2.939268042189088
MODELFILE04_Test_023_29_06_2025_19_02_41,2.109474061766464
MODELFILE04_Test_024_29_06_2025_19_02_41,2.1398058789689554
MODELFILE04_Test_025_29_06_2025_19_02_41,2.2451013623300686
MODELFILE04_Test_026_29_06_2025_19_02_41,2.7512131970912126
MODELFILE04_Test_027_29_06_2025_19_02_41,2.0830946990846004
MODELFILE04_Test_028_29_06_2025_19_02_41,0.8223654110258195
MODELFILE04_Test_029_29_06_2025_19_02_41,0.573249540150206
MODELFILE04_Test_030_29_06_2025_19_02_41,2.0606700325844054
MODELFILE04_Test_031_29_06_2025_19_02_41,2.1015084666524424
MODELFILE04_Test_032_29_06_2025_19_02_41,0.7815195065643499
MODELFILE04_Test_034_29_06_2025_20_10_03,1.7480891021985105
MODELFILE04_Test_036_29_06_2025_20_10_03,2.124172998945215
MODELFILE04_Test_037_29_06_2025_20_10_03,0.39443985465093256
MODELFILE04_Test_038_29_06_2025_20_10_03,1.0866330048818245
MODELFILE04_Test_039_29_06_2025_20_10_03,3.4794106550575177
MODELFILE04_Test_040_29_06_2025_20_10_03,3.0053933326935933
MODELFILE04_Test_042_29_06_2025_20_10_03,3.5109163900956974
MODELFILE04_Test_043_29_06_2025_20_10_03,2.1032679151566795
MODELFILE04_Test_047_29_06_2025_20_10_03,3.491001220579146
MODELFILE04_Test_048_29_06_2025_20_10_03,0.6610534939095444
MODELFILE04_Test_049_29_06_2025_20_10_03,3.058055615167662
MODELFILE04_Test_050_29_06_2025_20_10_03,2.2402925686048465
MODELFILE04_Test_051_29_06_2025_20_10_03,3.4880365574059367
MODELFILE04_Test_053_29_06_2025_20_10_03,2.911403562792134
MODELFILE04_Test_054_29_06_2025_20_10_03,0.37497634491729764
MODELFILE04_Test_055_29_06_2025_20_10_03,2.4403504148953408
MODELFILE04_Test_056_29_06_2025_20_10_03,0.6629143259389285
MODELFILE04_Test_057_29_06_2025_20_10_03,2.9240493841078687
MODELFILE04_Test_058_29_06_2025_20_10_03,2.4002383752603227
MODELFILE04_Test_059_29_06_2025_20_10_03,2.211109496875108
MODELFILE04_Test_060_29_06_2025_20_10_03,2.1326469815550886
MODELFILE04_Test_061_29_06_2025_20_10_03,0.3213523593598378
MODELFILE04_Test_062_29_06_2025_20_10_03,2.10804552377568
MODELFILE04_Test_063_29_06_2025_20_10_03,0.7833481021026681
MODELFILE04_Test_064_29_06_2025_20_10_03,2.1430893171591183
MODELFILE04_Test_066_29_06_2025_21_13_05,2.616188564375439
MODELFILE04_Test_067_29_06_2025_21_13_05,2.194056935884163
MODELFILE04_Test_068_29_06_2025_21_13_05,0.20038804826238685
MODELFILE04_Test_069_29_06_2025_21_13_05,0.983363609705747
MODELFILE04_Test_071_29_06_2025_21_13_05,0.2787607581793398
MODELFILE04_Test_072_29_06_2025_21_13_05,0.19052187986752125
MODELFILE04_Test_073_29_06_2025_21_13_05,0.33861808530664456
MODELFILE04_Test_074_29_06_2025_21_13_06,2.6130004077952163
MODELFILE04_Test_075_29_06_2025_21_13_06,2.5590809441616833
MODELFILE04_Test_076_29_06_2025_21_13_06,3.1381935573625177
MODELFILE04_Test_077_29_06_2025_21_13_06,2.1305067793156005
MODELFILE04_Test_078_29_06_2025_21_13_06,2.2337885928791463
MODELFILE04_Test_079_29_06_2025_21_13_06,2.310576079938782
MODELFILE04_Test_080_29_06_2025_21_13_06,2.0978696342665204
MODELFILE04_Test_081_29_06_2025_21_13_06,1.6412077399964393
MODELFILE04_Test_082_29_06_2025_21_13_06,1.9010227368074288
MODELFILE04_Test_083_29_06_2025_21_13_06,2.2861055798269905
MODELFILE04_Test_084_29_06_2025_21_13_06,0.48854105530913106
MODELFILE04_Test_086_29_06_2025_21_13_06,2.1655665799164656
MODELFILE04_Test_087_29_06_2025_21_13_06,3.573023902780849
MODELFILE04_Test_089_29_06_2025_21_13_06,1.7640570306511922
MODELFILE04_Test_091_29_06_2025_21_13_06,3.483054332661514
MODELFILE04_Test_092_29_06_2025_21_13_06,2.2647259725082316
MODELFILE04_Test_093_29_06_2025_21_13_06,2.552388333012086
MODELFILE04_Test_094_29_06_2025_21_13_06,1.004284390337311
MODELFILE04_Test_095_29_06_2025_21_13_06,2.2568869492340995
MODELFILE04_Test_096_29_06_2025_21_13_06,3.6219716379899856
MODELFILE04_Test_097_29_06_2025_22_17_29,1.637254491560017
MODELFILE04_Test_098_29_06_2025_22_17_29,2.137146112660071
MODELFILE04_Test_099_29_06_2025_22_17_29,2.124733773807396
MODELFILE04_Test_100_29_06_2025_22_17_29,1.736329214574056
MODELFILE04_Test_101_29_06_2025_22_17_29,3.0069047632448753
MODELFILE04_Test_102_29_06_2025_22_17_29,2.1283175063690503
MODELFILE04_Test_103_29_06_2025_22_17_29,2.066409656080687
MODELFILE04_Test_104_29_06_2025_22_17_29,0.47502838898549377
MODELFILE04_Test_105_29_06_2025_22_17_29,0.6296929897823984
MODELFILE04_Test_106_29_06_2025_22_17_29,3.4713162043399
MODELFILE04_Test_107_29_06_2025_22_17_29,2.16893271773611
MODELFILE04_Test_108_29_06_2025_22_17_29,3.4742863774112944
MODELFILE04_Test_110_29_06_2025_22_17_29,0.7940215093727971
MODELFILE04_Test_111_29_06_2025_22_17_29,3.51373705902623
MODELFILE04_Test_112_29_06_2025_22_17_29,2.275471733764453
MODELFILE04_Test_113_29_06_2025_22_17_29,3.6691816216276565
MODELFILE04_Test_114_29_06_2025_22_17_29,0.7700767425733526
MODELFILE04_Test_115_29_06_2025_22_17_29,0.8284050912679322
MODELFILE04_Test_117_29_06_2025_22_17_29,2.7606959370107833
MODELFILE04_Test_118_29_06_2025_22_17_29,3.5395617722365493
MODELFILE04_Test_119_29_06_2025_22_17_29,2.1153240535004785
MODELFILE04_Test_120_29_06_2025_22_17_29,2.347137780726631
MODELFILE04_Test_121_29_06_2025_22_17_29,2.230950118648856
MODELFILE04_Test_122_29_06_2025_22_17_29,2.6308027422030857
MODELFILE04_Test_123_29_06_2025_22_17_29,2.171767938071349
MODELFILE04_Test_124_29_06_2025_22_17_29,3.3585331454232614
MODELFILE04_Test_126_29_06_2025_22_17_29,0.25452065199760426
MODELFILE04_Test_127_29_06_2025_22_17_29,0.3506587001525122
MODELFILE04_Test_128_29_06_2025_22_17_29,2.084819706570487
MODELFILE05_Test_001_29_06_2025_23_29_10,0.7954250284317691
MODELFILE05_Test_002_29_06_2025_23_29_10,1.6521273596108832
MODELFILE05_Test_003_29_06_2025_23_29_10,1.0094485238586308
MODELFILE05_Test_004_29_06_2025_23_29_10,1.6284291162604574
MODELFILE05_Test_007_29_06_2025_23_29_10,2.5275066276110185
MODELFILE05_Test_009_29_06_2025_23_29_10,2.7771798612568683
MODELFILE05_Test_010_29_06_2025_23_29_10,2.108623002933058
MODELFILE05_Test_011_29_06_2025_23_29_10,0.7225340774260678
MODELFILE05_Test_012_29_06_2025_23_29_10,2.254328461248201
MODELFILE05_Test_013_29_06_2025_23_29_10,2.161731039270656
MODELFILE05_Test_014_29_06_2025_23_29_10,2.0903465385416613
MODELFILE05_Test_015_29_06_2025_23_29_10,2.2624992072717074
MODELFILE05_Test_017_29_06_2025_23_29_10,2.692184440160122
MODELFILE05_Test_019_29_06_2025_23_29_10,2.553916666776333
MODELFILE05_Test_020_29_06_2025_23_29_10,2.649466418485994
MODELFILE05_Test_021_29_06_2025_23_29_10,0.16717192165451533
MODELFILE05_Test_022_29_06_2025_23_29_10,2.1808334573984514
MODELFILE05_Test_023_29_06_2025_23_29_10,2.53605274513602
MODELFILE05_Test_024_29_06_2025_23_29_10,2.1018228644814743
MODELFILE05_Test_025_29_06_2025_23_29_10,3.3124597670714016
MODELFILE05_Test_026_29_06_2025_23_29_10,2.3037022367628452
MODELFILE05_Test_027_29_06_2025_23_29_10,2.425713758570948
MODELFILE05_Test_028_29_06_2025_23_29_10,2.4104560658163385
MODELFILE05_Test_029_29_06_2025_23_29_10,2.4237740831976096
MODELFILE05_Test_031_29_06_2025_23_29_10,2.5814000797228593
MODELFILE05_Test_032_29_06_2025_23_29_10,2.1697492059969203
MODELFILE05_Test_033_30_06_2025_00_37_22,2.225990587769645
MODELFILE05_Test_034_30_06_2025_00_37_22,2.845681900777742
MODELFILE05_Test_036_30_06_2025_00_37_22,2.366970241521423
MODELFILE05_Test_037_30_06_2025_00_37_22,2.1590548283171698
MODELFILE05_Test_038_30_06_2025_00_37_22,2.163754621524386
MODELFILE05_Test_039_30_06_2025_00_37_22,2.9736768783249095
MODELFILE05_Test_040_30_06_2025_00_37_22,2.3882850165630254
MODELFILE05_Test_041_30_06_2025_00_37_22,2.0820239243813896
MODELFILE05_Test_042_30_06_2025_00_37_22,2.535544856448244
MODELFILE05_Test_043_30_06_2025_00_37_22,2.580099975179269
MODELFILE05_Test_044_30_06_2025_00_37_22,1.657334104759224
MODELFILE05_Test_045_30_06_2025_00_37_22,2.737245553323422
MODELFILE05_Test_046_30_06_2025_00_37_22,2.146176770239659
MODELFILE05_Test_047_30_06_2025_00_37_22,0.5667588496803158
MODELFILE05_Test_048_30_06_2025_00_37_22,2.2068872422404335
MODELFILE05_Test_049_30_06_2025_00_37_22,1.7974636579049503
MODELFILE05_Test_050_30_06_2025_00_37_22,3.5667926539784465
MODELFILE05_Test_051_30_06_2025_00_37_22,1.2614324902237677
MODELFILE05_Test_052_30_06_2025_00_37_22,3.486426272292841
MODELFILE05_Test_054_30_06_2025_00_37_22,2.4412762332572733
MODELFILE05_Test_055_30_06_2025_00_37_22,2.110817375533424
MODELFILE05_Test_056_30_06_2025_00_37_22,3.5143526614279375
MODELFILE05_Test_057_30_06_2025_00_37_22,1.0411007247166764
MODELFILE05_Test_058_30_06_2025_00_37_22,2.191463257552924
MODELFILE05_Test_059_30_06_2025_00_37_22,3.5218389462855324
MODELFILE05_Test_060_30_06_2025_00_37_22,2.532511465323511
MODELFILE05_Test_061_30_06_2025_00_37_22,1.4009970723309604
MODELFILE05_Test_062_30_06_2025_00_37_22,2.322153462612096
MODELFILE05_Test_063_30_06_2025_00_37_22,2.7370461821010688
MODELFILE05_Test_066_30_06_2025_01_43_55,2.720465042000122
MODELFILE05_Test_067_30_06_2025_01_43_55,2.5036797508400364
MODELFILE05_Test_068_30_06_2025_01_43_55,0.9067730816631533
MODELFILE05_Test_069_30_06_2025_01_43_55,2.2936592205061537
MODELFILE05_Test_070_30_06_2025_01_43_55,2.036467499501453
MODELFILE05_Test_071_30_06_2025_01_43_55,0.5813966468414025
MODELFILE05_Test_072_30_06_2025_01_43_55,2.547800142846709
MODELFILE05_Test_073_30_06_2025_01_43_55,3.514465053063987
MODELFILE05_Test_074_30_06_2025_01_43_55,0.912864691086252
MODELFILE05_Test_075_30_06_2025_01_43_55,2.4400956117233044
MODELFILE05_Test_077_30_06_2025_01_43_55,0.5832732814345627
MODELFILE05_Test_078_30_06_2025_01_43_55,2.132117136294572
MODELFILE05_Test_079_30_06_2025_01_43_55,2.704007368115066
MODELFILE05_Test_080_30_06_2025_01_43_55,1.1211740611937044
MODELFILE05_Test_081_30_06_2025_01_43_55,3.4908695228831985
MODELFILE05_Test_082_30_06_2025_01_43_55,1.1815462881035748
MODELFILE05_Test_083_30_06_2025_01_43_55,2.12763513251912
MODELFILE05_Test_084_30_06_2025_01_43_55,3.5266631869396785
MODELFILE05_Test_085_30_06_2025_01_43_55,2.1433532546782
MODELFILE05_Test_086_30_06_2025_01_43_55,2.1416462224398227
MODELFILE05_Test_087_30_06_2025_01_43_55,3.488705792626927
MODELFILE05_Test_088_30_06_2025_01_43_55,2.121550524086373
MODELFILE05_Test_089_30_06_2025_01_43_55,2.5569411151017243
MODELFILE05_Test_091_30_06_2025_01_43_55,2.8649543699453908
MODELFILE05_Test_092_30_06_2025_01_43_55,3.709441134436828
MODELFILE05_Test_093_30_06_2025_01_43_55,0.40813152147302256
MODELFILE05_Test_095_30_06_2025_01_43_55,0.722128566009391
MODELFILE05_Test_096_30_06_2025_01_43_55,3.435732437980751
MODELFILE05_Test_098_30_06_2025_02_47_18,0.5587150105972484
MODELFILE05_Test_101_30_06_2025_02_47_18,2.6542484681885936
MODELFILE05_Test_104_30_06_2025_02_47_18,2.1165537236178107
MODELFILE05_Test_105_30_06_2025_02_47_18,3.4790105554645967
MODELFILE05_Test_106_30_06_2025_02_47_18,0.22726408474760662
MODELFILE05_Test_107_30_06_2025_02_47_18,2.18501578317386
MODELFILE05_Test_108_30_06_2025_02_47_18,0.8396305305027855
MODELFILE05_Test_109_30_06_2025_02_47_18,0.9715268329411126
MODELFILE05_Test_110_30_06_2025_02_47_18,2.535282486029962
MODELFILE05_Test_111_30_06_2025_02_47_18,2.092784348023604
MODELFILE05_Test_112_30_06_2025_02_47_18,3.6278190930009857
MODELFILE05_Test_113_30_06_2025_02_47_18,2.4306005924130023
MODELFILE05_Test_114_30_06_2025_02_47_18,3.618694959669834
MODELFILE05_Test_115_30_06_2025_02_47_18,1.2252096684399718
MODELFILE05_Test_116_30_06_2025_02_47_18,3.2311811545936924
MODELFILE05_Test_117_30_06_2025_02_47_18,2.354656268926891
MODELFILE05_Test_119_30_06_2025_02_47_18,3.4471812284393604
MODELFILE05_Test_120_30_06_2025_02_47_18,2.613363915272819
MODELFILE05_Test_121_30_06_2025_02_47_18,3.481538401398057
MODELFILE05_Test_122_30_06_2025_02_47_18,2.8773749792057313
MODELFILE05_Test_123_30_06_2025_02_47_18,1.2509432001419225
MODELFILE05_Test_125_30_06_2025_02_47_18,2.3494851905476377
MODELFILE05_Test_126_30_06_2025_02_47_18,3.5084243480897603
MODELFILE05_Test_127_30_06_2025_02_47_18,2.1941121066029594
MODELFILE05_Test_128_30_06_2025_02_47_18,0.7603649800278923
MODELFILE06_Test_001_30_06_2025_06_37_46,1.9463273727193167
MODELFILE06_Test_002_30_06_2025_06_37_46,2.2108291000222104
MODELFILE06_Test_003_30_06_2025_06_37_46,2.1490963386246436
MODELFILE06_Test_004_30_06_2025_06_37_46,2.1818709066983137
MODELFILE06_Test_005_30_06_2025_06_37_46,2.112932585643918
MODELFILE06_Test_006_30_06_2025_06_37_46,2.591476026511399
MODELFILE06_Test_007_30_06_2025_06_37_46,2.3497208192213646
MODELFILE06_Test_008_30_06_2025_06_37_46,2.306444161709682
MODELFILE06_Test_009_30_06_2025_06_37_46,0.316036395518242
MODELFILE06_Test_010_30_06_2025_06_37_46,2.217682752416168
MODELFILE06_Test_011_30_06_2025_06_37_46,0.8485547985077658
MODELFILE06_Test_012_30_06_2025_06_37_46,2.2102874995829143
MODELFILE06_Test_013_30_06_2025_06_37_46,2.115845014491406
MODELFILE06_Test_015_30_06_2025_06_37_46,2.143265983273904
MODELFILE06_Test_016_30_06_2025_06_37_46,0.38730484663171133
MODELFILE06_Test_017_30_06_2025_06_37_46,2.1693889604403798
MODELFILE06_Test_018_30_06_2025_06_37_46,1.421111243554306
MODELFILE06_Test_019_30_06_2025_06_37_46,3.628880310559376
MODELFILE06_Test_020_30_06_2025_06_37_46,0.5576960586279041
MODELFILE06_Test_021_30_06_2025_06_37_46,2.4478354126564663
MODELFILE06_Test_022_30_06_2025_06_37_46,2.104203718294005
MODELFILE06_Test_023_30_06_2025_06_37_46,2.555548244758765
MODELFILE06_Test_024_30_06_2025_06_37_46,1.9740852920024712
MODELFILE06_Test_025_30_06_2025_06_37_46,3.492177558168122
MODELFILE06_Test_027_30_06_2025_06_37_46,1.002011246711367
MODELFILE06_Test_028_30_06_2025_06_37_46,2.1351292169875817
MODELFILE06_Test_029_30_06_2025_06_37_46,3.049133988672206
MODELFILE06_Test_030_30_06_2025_06_37_46,2.183542847205613
MODELFILE06_Test_031_30_06_2025_06_37_46,2.704030577131808
MODELFILE06_Test_032_30_06_2025_06_37_46,1.965190718754071
MODELFILE06_Test_033_30_06_2025_07_46_08,0.7251760296122023
MODELFILE06_Test_035_30_06_2025_07_46_08,1.0891273184534276
MODELFILE06_Test_036_30_06_2025_07_46_08,0.5645011231385388
MODELFILE06_Test_037_30_06_2025_07_46_08,2.199367407868711
MODELFILE06_Test_039_30_06_2025_07_46_08,2.091237811674657
MODELFILE06_Test_040_30_06_2025_07_46_08,0.945620387271142
MODELFILE06_Test_041_30_06_2025_07_46_08,1.324632455413715
MODELFILE06_Test_042_30_06_2025_07_46_08,0.41479800230720226
MODELFILE06_Test_044_30_06_2025_07_46_08,3.7741821853535793
MODELFILE06_Test_045_30_06_2025_07_46_08,2.20092728820374
MODELFILE06_Test_046_30_06_2025_07_46_08,2.137795624450127
MODELFILE06_Test_047_30_06_2025_07_46_08,3.542328022103181
MODELFILE06_Test_048_30_06_2025_07_46_08,0.9620357095755336
MODELFILE06_Test_049_30_06_2025_07_46_08,2.33406820895688
MODELFILE06_Test_050_30_06_2025_07_46_08,2.8963594751845565
MODELFILE06_Test_051_30_06_2025_07_46_08,1.4385795431090391
MODELFILE06_Test_052_30_06_2025_07_46_08,0.7233996546774237
MODELFILE06_Test_053_30_06_2025_07_46_08,2.0221775621279545
MODELFILE06_Test_054_30_06_2025_07_46_08,2.38560563535973
MODELFILE06_Test_056_30_06_2025_07_46_08,2.165216630167974
MODELFILE06_Test_058_30_06_2025_07_46_08,0.2659532124340926
MODELFILE06_Test_060_30_06_2025_07_46_08,2.58717802480097
MODELFILE06_Test_061_30_06_2025_07_46_08,2.111452319668551
MODELFILE06_Test_062_30_06_2025_07_46_08,2.046773543199353
MODELFILE06_Test_063_30_06_2025_07_46_08,0.3830360209345408
MODELFILE06_Test_064_30_06_2025_07_46_08,2.1209174708514036
MODELFILE06_Test_065_30_06_2025_08_51_30,3.52041973308078
MODELFILE06_Test_067_30_06_2025_08_51_30,2.170645127736603
MODELFILE06_Test_069_30_06_2025_08_51_30,0.5525087981320638
MODELFILE06_Test_070_30_06_2025_08_51_30,1.0883829882736922
MODELFILE06_Test_071_30_06_2025_08_51_30,0.3972566322156771
MODELFILE06_Test_072_30_06_2025_08_51_30,2.0880393115199882
MODELFILE06_Test_073_30_06_2025_08_51_30,2.3770607218500106
MODELFILE06_Test_074_30_06_2025_08_51_30,3.6212500805541747
MODELFILE06_Test_075_30_06_2025_08_51_30,2.112394042689836
MODELFILE06_Test_076_30_06_2025_08_51_30,2.1404706348131484
MODELFILE06_Test_077_30_06_2025_08_51_30,0.36954901929212425
MODELFILE06_Test_078_30_06_2025_08_51_30,3.525593824857887
MODELFILE06_Test_079_30_06_2025_08_51_30,0.452807969972344
MODELFILE06_Test_080_30_06_2025_08_51_30,2.3818490413951423
MODELFILE06_Test_081_30_06_2025_08_51_30,2.1591109284092083
MODELFILE06_Test_082_30_06_2025_08_51_30,2.1266219904870622
MODELFILE06_Test_083_30_06_2025_08_51_30,0.4304825334571745
MODELFILE06_Test_084_30_06_2025_08_51_30,2.108715882068408
MODELFILE06_Test_085_30_06_2025_08_51_30,2.1342546994150338
MODELFILE06_Test_086_30_06_2025_08_51_30,2.1186453290978706
MODELFILE06_Test_088_30_06_2025_08_51_30,2.098195769289881
MODELFILE06_Test_089_30_06_2025_08_51_30,1.666507422922554
MODELFILE06_Test_090_30_06_2025_08_51_30,3.4967358620205506
MODELFILE06_Test_091_30_06_2025_08_51_30,0.9443678948153877
MODELFILE06_Test_092_30_06_2025_08_51_30,3.675400149905173
MODELFILE06_Test_093_30_06_2025_08_51_30,3.474538970861821
MODELFILE06_Test_094_30_06_2025_08_51_30,2.100498861158384
MODELFILE06_Test_095_30_06_2025_08_51_30,2.1104148738496096
MODELFILE06_Test_096_30_06_2025_08_51_30,2.540913584801854
MODELFILE06_Test_097_30_06_2025_09_57_13,2.1391900177170733
MODELFILE06_Test_098_30_06_2025_09_57_13,0.40125802904727503
MODELFILE06_Test_099_30_06_2025_09_57_13,2.1097604936877157
MODELFILE06_Test_100_30_06_2025_09_57_13,2.1653374992330305
MODELFILE06_Test_101_30_06_2025_09_57_13,0.5593516317633127
MODELFILE06_Test_102_30_06_2025_09_57_13,2.109883297222782
MODELFILE06_Test_103_30_06_2025_09_57_13,0.4210741028564018
MODELFILE06_Test_104_30_06_2025_09_57_13,2.177266215145132
MODELFILE06_Test_105_30_06_2025_09_57_13,1.9964190686770793
MODELFILE06_Test_106_30_06_2025_09_57_13,0.4401316349138679
MODELFILE06_Test_107_30_06_2025_09_57_13,3.7740515887473176
MODELFILE06_Test_111_30_06_2025_09_57_13,2.224236025522708
MODELFILE06_Test_112_30_06_2025_09_57_13,2.0012581383352916
MODELFILE06_Test_113_30_06_2025_09_57_13,0.5727804913543821
MODELFILE06_Test_114_30_06_2025_09_57_13,3.5781132733182317
MODELFILE06_Test_116_30_06_2025_09_57_13,0.9978596046033038
MODELFILE06_Test_117_30_06_2025_09_57_13,0.5555404917834403
MODELFILE06_Test_118_30_06_2025_09_57_13,2.1527750404146904
MODELFILE06_Test_119_30_06_2025_09_57_13,3.4699662871304997
MODELFILE06_Test_120_30_06_2025_09_57_13,2.8410976710005826
MODELFILE06_Test_121_30_06_2025_09_57_13,0.24378258924320537
MODELFILE06_Test_122_30_06_2025_09_57_13,0.48026269656246134
MODELFILE06_Test_123_30_06_2025_09_57_13,0.46936064327187194
MODELFILE06_Test_124_30_06_2025_09_57_13,2.0018939257031843
MODELFILE06_Test_125_30_06_2025_09_57_13,2.131653882088817
MODELFILE06_Test_126_30_06_2025_09_57_13,3.4710268193327054
MODELFILE06_Test_127_30_06_2025_09_57_13,2.487361840326176
MODELFILE07_Test_001_30_06_2025_11_09_08,2.6546645760240257
MODELFILE07_Test_002_30_06_2025_11_09_08,2.981495059319177
MODELFILE07_Test_003_30_06_2025_11_09_08,0.2744942269251152
MODELFILE07_Test_004_30_06_2025_11_09_08,0.5133705520205155
MODELFILE07_Test_005_30_06_2025_11_09_08,3.009503737949594
MODELFILE07_Test_006_30_06_2025_11_09_08,2.533512886957918
MODELFILE07_Test_007_30_06_2025_11_09_08,2.387348187362262
MODELFILE07_Test_008_30_06_2025_11_09_08,0.6132254188831464
MODELFILE07_Test_009_30_06_2025_11_09_08,0.5031045136388392
MODELFILE07_Test_011_30_06_2025_11_09_08,0.9409064186608607
MODELFILE07_Test_013_30_06_2025_11_09_08,2.2278444710661134
MODELFILE07_Test_014_30_06_2025_11_09_08,2.8502077314633927
MODELFILE07_Test_015_30_06_2025_11_09_08,2.1585617213742228
MODELFILE07_Test_016_30_06_2025_11_09_08,2.6367985013811492
MODELFILE07_Test_017_30_06_2025_11_09_08,3.3822903166784983
MODELFILE07_Test_018_30_06_2025_11_09_08,1.9785142525445742
MODELFILE07_Test_019_30_06_2025_11_09_08,2.5387984213955437
MODELFILE07_Test_020_30_06_2025_11_09_08,2.323541706998234
MODELFILE07_Test_021_30_06_2025_11_09_08,2.1626768001727927
MODELFILE07_Test_023_30_06_2025_11_09_08,0.6319282805808242
MODELFILE07_Test_024_30_06_2025_11_09_08,0.7372279363299066
MODELFILE07_Test_025_30_06_2025_11_09_08,2.3175319192570676
MODELFILE07_Test_026_30_06_2025_11_09_08,1.1828896518830743
MODELFILE07_Test_028_30_06_2025_11_09_08,3.4875713785038607
MODELFILE07_Test_029_30_06_2025_11_09_08,2.0999538371319924
MODELFILE07_Test_030_30_06_2025_11_09_08,2.031927289400503
MODELFILE07_Test_031_30_06_2025_11_09_08,2.1465586242532506
MODELFILE07_Test_032_30_06_2025_11_09_08,0.8305739266219394
MODELFILE07_Test_033_30_06_2025_12_17_40,1.2336895784893924
MODELFILE07_Test_034_30_06_2025_12_17_40,2.1232194627801424
MODELFILE07_Test_035_30_06_2025_12_17_40,0.6035500617580887
MODELFILE07_Test_036_30_06_2025_12_17_40,2.8507608963643567
MODELFILE07_Test_037_30_06_2025_12_17_40,2.4653868584382312
MODELFILE07_Test_038_30_06_2025_12_17_40,2.7235580758803692
MODELFILE07_Test_039_30_06_2025_12_17_40,2.2907658222839413
MODELFILE07_Test_041_30_06_2025_12_17_40,2.86184702424824
MODELFILE07_Test_042_30_06_2025_12_17_40,1.4565221539319808
MODELFILE07_Test_043_30_06_2025_12_17_40,2.164239842616034
MODELFILE07_Test_044_30_06_2025_12_17_40,2.2448606344630924
MODELFILE07_Test_045_30_06_2025_12_17_40,3.5667700051008913
MODELFILE07_Test_046_30_06_2025_12_17_40,2.425064768632366
MODELFILE07_Test_047_30_06_2025_12_17_40,2.8650009302183985
MODELFILE07_Test_048_30_06_2025_12_17_40,2.2389700616229673
MODELFILE07_Test_049_30_06_2025_12_17_40,2.391272487395851
MODELFILE07_Test_050_30_06_2025_12_17_40,1.9607350198350049
MODELFILE07_Test_051_30_06_2025_12_17_40,0.8697922361989063
MODELFILE07_Test_052_30_06_2025_12_17_40,0.22970851924688943
MODELFILE07_Test_053_30_06_2025_12_17_40,3.545327862472215
MODELFILE07_Test_054_30_06_2025_12_17_40,2.202061543243434
MODELFILE07_Test_056_30_06_2025_12_17_40,0.44732060496691356
MODELFILE07_Test_058_30_06_2025_12_17_40,1.093617510349653
MODELFILE07_Test_060_30_06_2025_12_17_40,2.512352465623975
MODELFILE07_Test_061_30_06_2025_12_17_40,3.4874799038182016
MODELFILE07_Test_062_30_06_2025_12_17_40,0.5984388801400045
MODELFILE07_Test_063_30_06_2025_12_17_40,2.1208239626886987
MODELFILE07_Test_064_30_06_2025_12_17_40,2.4366890734408204
MODELFILE07_Test_068_30_06_2025_13_24_22,2.2426077685705326
MODELFILE07_Test_069_30_06_2025_13_24_22,2.8394668455427086
MODELFILE07_Test_070_30_06_2025_13_24_22,2.2318732814258073
MODELFILE07_Test_071_30_06_2025_13_24_22,0.20424914341394185
MODELFILE07_Test_072_30_06_2025_13_24_22,3.649050768255586
MODELFILE07_Test_073_30_06_2025_13_24_22,0.3657033769104271
MODELFILE07_Test_074_30_06_2025_13_24_22,2.6889625823020733
MODELFILE07_Test_075_30_06_2025_13_24_23,2.7780987019932812
MODELFILE07_Test_077_30_06_2025_13_24_23,0.6194191802393312
MODELFILE07_Test_078_30_06_2025_13_24_23,0.9056092401625379
MODELFILE07_Test_079_30_06_2025_13_24_23,0.6629699501132326
MODELFILE07_Test_080_30_06_2025_13_24_23,2.2868556362386565
MODELFILE07_Test_081_30_06_2025_13_24_23,1.0850592024750272
MODELFILE07_Test_082_30_06_2025_13_24_23,2.2960965112931797
MODELFILE07_Test_083_30_06_2025_13_24_23,0.8215558596678698
MODELFILE07_Test_084_30_06_2025_13_24_23,2.135641237557635
MODELFILE07_Test_086_30_06_2025_13_24_23,2.495707852727092
MODELFILE07_Test_088_30_06_2025_13_24_23,2.37460148091846
MODELFILE07_Test_089_30_06_2025_13_24_23,1.0585899937583771
MODELFILE07_Test_090_30_06_2025_13_24_23,3.1323994156138597
MODELFILE07_Test_091_30_06_2025_13_24_23,1.106177672475977
MODELFILE07_Test_092_30_06_2025_13_24_23,0.5669636360537672
MODELFILE07_Test_093_30_06_2025_13_24_23,2.326273438586664
MODELFILE07_Test_094_30_06_2025_13_24_23,2.4981510767652786
MODELFILE07_Test_095_30_06_2025_13_24_23,0.37168822012553404
MODELFILE07_Test_096_30_06_2025_13_24_23,0.3000569854636653
MODELFILE07_Test_097_30_06_2025_14_26_46,2.7312462767456633
MODELFILE07_Test_098_30_06_2025_14_26_46,2.524133684723072
MODELFILE07_Test_099_30_06_2025_14_26_46,1.0008109580405142
MODELFILE07_Test_100_30_06_2025_14_26_46,3.552655465739042
MODELFILE07_Test_101_30_06_2025_14_26_46,2.5317821033778043
MODELFILE07_Test_102_30_06_2025_14_26_46,2.6918894748174425
MODELFILE07_Test_103_30_06_2025_14_26_46,0.20845094631658423
MODELFILE07_Test_105_30_06_2025_14_26_46,2.169419212735056
MODELFILE07_Test_106_30_06_2025_14_26_46,3.5287838936356897
MODELFILE07_Test_107_30_06_2025_14_26_46,2.2797589728378984
MODELFILE07_Test_108_30_06_2025_14_26_46,3.4959849766945412
MODELFILE07_Test_109_30_06_2025_14_26_46,3.465277271627561
MODELFILE07_Test_110_30_06_2025_14_26_46,0.5362289182732861
MODELFILE07_Test_111_30_06_2025_14_26_46,1.624541277049721
MODELFILE07_Test_112_30_06_2025_14_26_46,3.6338725522726234
MODELFILE07_Test_113_30_06_2025_14_26_46,3.6188640267568224
MODELFILE07_Test_114_30_06_2025_14_26_46,3.004199965730042
MODELFILE07_Test_115_30_06_2025_14_26_46,2.325392978478077
MODELFILE07_Test_116_30_06_2025_14_26_46,1.1254855310338114
MODELFILE07_Test_117_30_06_2025_14_26_46,3.4800136836748403
MODELFILE07_Test_121_30_06_2025_14_26_46,2.264190299668854
MODELFILE07_Test_122_30_06_2025_14_26_46,2.292341071857466
MODELFILE07_Test_123_30_06_2025_14_26_46,1.2276556441665227
MODELFILE07_Test_125_30_06_2025_14_26_46,2.316052415997108
MODELFILE07_Test_126_30_06_2025_14_26_46,2.3657975375278792
MODELFILE07_Test_127_30_06_2025_14_26_46,2.6126530450739587
MODELFILE07_Test_128_30_06_2025_14_26_46,3.4735279617115116
MODELFILE08_Test_001_30_06_2025_16_18_58,2.2874035847229193
MODELFILE08_Test_002_30_06_2025_16_18_58,2.5476396632557283
MODELFILE08_Test_003_30_06_2025_16_18_58,2.864716333583196
MODELFILE08_Test_004_30_06_2025_16_18_58,2.110222633966737
MODELFILE08_Test_005_30_06_2025_16_18_58,2.1065180932378924
MODELFILE08_Test_007_30_06_2025_16_18_58,3.4177423951185286
MODELFILE08_Test_008_30_06_2025_16_18_58,2.870845305528957
MODELFILE08_Test_009_30_06_2025_16_18_58,2.1371886254388563
MODELFILE08_Test_010_30_06_2025_16_18_58,3.5372242494561643
MODELFILE08_Test_011_30_06_2025_16_18_58,2.1507500803727178
MODELFILE08_Test_012_30_06_2025_16_18_58,1.6576128470452263
MODELFILE08_Test_013_30_06_2025_16_18_58,2.5804607663705825
MODELFILE08_Test_014_30_06_2025_16_18_58,1.796800143370646
MODELFILE08_Test_015_30_06_2025_16_18_58,0.26697582586040186
MODELFILE08_Test_016_30_06_2025_16_18_58,0.7525540622480708
MODELFILE08_Test_017_30_06_2025_16_18_58,2.150979149944693
MODELFILE08_Test_019_30_06_2025_16_18_58,0.2684480058946686
MODELFILE08_Test_020_30_06_2025_16_18_58,0.8273750031473899
MODELFILE08_Test_021_30_06_2025_16_18_58,1.1776181061091873
MODELFILE08_Test_022_30_06_2025_16_18_58,2.0880626959917477
MODELFILE08_Test_024_30_06_2025_16_18_58,0.21594661006462473
MODELFILE08_Test_026_30_06_2025_16_18_58,1.6089583782841685
MODELFILE08_Test_027_30_06_2025_16_18_58,2.3544145853801384
MODELFILE08_Test_028_30_06_2025_16_18_58,2.062956278124335
MODELFILE08_Test_029_30_06_2025_16_18_58,2.1717433599508036
MODELFILE08_Test_030_30_06_2025_16_18_58,0.49943095969815116
MODELFILE08_Test_031_30_06_2025_16_18_58,2.139606984098343
MODELFILE08_Test_032_30_06_2025_16_18_58,0.8753001303013934
MODELFILE08_Test_033_30_06_2025_17_23_10,2.4323873903514954
MODELFILE08_Test_034_30_06_2025_17_23_10,0.8937414021739369
MODELFILE08_Test_035_30_06_2025_17_23_10,1.5307641528871456
MODELFILE08_Test_036_30_06_2025_17_23_10,2.1988288226353467
MODELFILE08_Test_037_30_06_2025_17_23_10,0.5840865809598198
MODELFILE08_Test_038_30_06_2025_17_23_10,1.0834041878773977
MODELFILE08_Test_039_30_06_2025_17_23_10,0.3799127020928982
MODELFILE08_Test_040_30_06_2025_17_23_10,2.7715067616581948
MODELFILE08_Test_041_30_06_2025_17_23_10,0.9129217488634875
MODELFILE08_Test_042_30_06_2025_17_23_10,2.1462362985340597
MODELFILE08_Test_045_30_06_2025_17_23_10,0.7367420616753787
MODELFILE08_Test_046_30_06_2025_17_23_10,2.0950662333774575
MODELFILE08_Test_048_30_06_2025_17_23_10,3.5104466068480904
MODELFILE08_Test_049_30_06_2025_17_23_10,0.8726111561885337
MODELFILE08_Test_051_30_06_2025_17_23_10,0.30685207067557185
MODELFILE08_Test_052_30_06_2025_17_23_10,2.0988524557324366
MODELFILE08_Test_053_30_06_2025_17_23_10,0.603367543376059
MODELFILE08_Test_054_30_06_2025_17_23_10,2.474032049687277
MODELFILE08_Test_055_30_06_2025_17_23_10,2.0539042109083354
MODELFILE08_Test_056_30_06_2025_17_23_10,2.210054415575291
MODELFILE08_Test_057_30_06_2025_17_23_10,2.7771167345454675
MODELFILE08_Test_058_30_06_2025_17_23_10,0.8481729891196031
MODELFILE08_Test_059_30_06_2025_17_23_10,3.467136669495222
MODELFILE08_Test_060_30_06_2025_17_23_10,0.6184763591362988
MODELFILE08_Test_061_30_06_2025_17_23_10,1.5873535848301221
MODELFILE08_Test_062_30_06_2025_17_23_10,1.6870664692373583
MODELFILE08_Test_063_30_06_2025_17_23_10,2.9559273600802194
MODELFILE08_Test_064_30_06_2025_17_23_10,1.8630691050628432
MODELFILE08_Test_066_30_06_2025_18_28_23,2.561821391414047
MODELFILE08_Test_067_30_06_2025_18_28_23,2.1359758619438005
MODELFILE08_Test_068_30_06_2025_18_28_23,3.549180502036411
MODELFILE08_Test_069_30_06_2025_18_28_23,0.6880679029556961
MODELFILE08_Test_070_30_06_2025_18_28_23,3.499811481993025
MODELFILE08_Test_071_30_06_2025_18_28_23,3.01078605990027
MODELFILE08_Test_072_30_06_2025_18_28_23,3.5948453325081173
MODELFILE08_Test_073_30_06_2025_18_28_23,0.495205711988105
MODELFILE08_Test_074_30_06_2025_18_28_23,1.616653318728239
MODELFILE08_Test_077_30_06_2025_18_28_23,2.5945801000060045
MODELFILE08_Test_078_30_06_2025_18_28_23,2.5675185096134463
MODELFILE08_Test_079_30_06_2025_18_28_23,3.4908406796114835
MODELFILE08_Test_080_30_06_2025_18_28_23,3.640056896422955
MODELFILE08_Test_081_30_06_2025_18_28_23,0.7436455433415834
MODELFILE08_Test_083_30_06_2025_18_28_23,1.8773598337401358
MODELFILE08_Test_084_30_06_2025_18_28_23,2.9494989341017703
MODELFILE08_Test_085_30_06_2025_18_28_23,2.1037024848535357
MODELFILE08_Test_086_30_06_2025_18_28_23,2.150284073545577
MODELFILE08_Test_087_30_06_2025_18_28_23,3.437256568121524
MODELFILE08_Test_088_30_06_2025_18_28_23,3.5072147159118776
MODELFILE08_Test_089_30_06_2025_18_28_23,3.212463103072574
MODELFILE08_Test_090_30_06_2025_18_28_23,2.7214712053285206
MODELFILE08_Test_091_30_06_2025_18_28_23,2.7332850435573697
MODELFILE08_Test_092_30_06_2025_18_28_23,2.6082497572403582
MODELFILE08_Test_093_30_06_2025_18_28_23,3.4810403345807917
MODELFILE08_Test_094_30_06_2025_18_28_23,0.778256012153199
MODELFILE08_Test_095_30_06_2025_18_28_23,3.4705078059984866
MODELFILE08_Test_096_30_06_2025_18_28_23,1.9959600455286974
MODELFILE08_Test_097_30_06_2025_19_32_06,0.8249570341017756
MODELFILE08_Test_098_30_06_2025_19_32_06,1.7004019257051062
MODELFILE08_Test_099_30_06_2025_19_32_06,0.8087302737114754
MODELFILE08_Test_100_30_06_2025_19_32_06,2.142375987692504
MODELFILE08_Test_101_30_06_2025_19_32_06,2.159396620707566
MODELFILE08_Test_103_30_06_2025_19_32_06,2.5715819736405767
MODELFILE08_Test_104_30_06_2025_19_32_06,2.186361307615276
MODELFILE08_Test_105_30_06_2025_19_32_06,0.1575845429157598
MODELFILE08_Test_106_30_06_2025_19_32_06,2.1512674079083074
MODELFILE08_Test_107_30_06_2025_19_32_06,2.1403389365719443
MODELFILE08_Test_108_30_06_2025_19_32_06,3.722673733643808
MODELFILE08_Test_110_30_06_2025_19_32_06,1.1183674106074157
MODELFILE08_Test_111_30_06_2025_19_32_06,2.0970229607944537
MODELFILE08_Test_112_30_06_2025_19_32_06,0.9285198086657407
MODELFILE08_Test_113_30_06_2025_19_32_06,2.701154812650067
MODELFILE08_Test_114_30_06_2025_19_32_06,2.7426419238441735
MODELFILE08_Test_115_30_06_2025_19_32_06,2.3144963711393185
MODELFILE08_Test_116_30_06_2025_19_32_06,1.844862622320692
MODELFILE08_Test_117_30_06_2025_19_32_06,3.483909722911036
MODELFILE08_Test_118_30_06_2025_19_32_06,2.3721724956276895
MODELFILE08_Test_119_30_06_2025_19_32_06,2.130100975543876
MODELFILE08_Test_120_30_06_2025_19_32_06,0.3940888353780901
MODELFILE08_Test_121_30_06_2025_19_32_06,0.7391605715515447
MODELFILE08_Test_122_30_06_2025_19_32_06,1.1997266392873664
MODELFILE08_Test_123_30_06_2025_19_32_06,2.292134717009304
MODELFILE08_Test_124_30_06_2025_19_32_06,3.470714644187204
MODELFILE08_Test_126_30_06_2025_19_32_06,2.5307635363545655
MODELFILE08_Test_127_30_06_2025_19_32_06,0.805973873693756
MODELFILE08_Test_128_30_06_2025_19_32_06,3.5097840200206427
MODELFILE09_Test_013_30_06_2025_20_42_38,2.2869621329123224
MODELFILE09_Test_025_30_06_2025_20_42_38,3.2564553107690073
MODELFILE09_Test_026_30_06_2025_20_42_38,1.7702807183446256
MODELFILE09_Test_027_30_06_2025_20_42_38,1.534223399150179
MODELFILE09_Test_029_30_06_2025_20_42_38,1.1879380992689046
MODELFILE09_Test_030_30_06_2025_20_42_38,0.9237597403580571
MODELFILE09_Test_031_30_06_2025_20_42_38,1.8500655919249087
MODELFILE09_Test_032_30_06_2025_20_42_38,2.1955101570564834
MODELFILE10_Test_001_01_07_2025_04_19_42,1.2577784103795038
MODELFILE10_Test_002_01_07_2025_04_19_42,2.1299951825605152
MODELFILE10_Test_003_01_07_2025_04_19_42,2.9962275092848354
MODELFILE10_Test_004_01_07_2025_04_19_42,2.413569606138549
MODELFILE10_Test_005_01_07_2025_04_19_42,0.6097813994848414
MODELFILE10_Test_006_01_07_2025_04_19_42,2.367717588995933
MODELFILE10_Test_007_01_07_2025_04_19_42,2.301071682067794
MODELFILE10_Test_008_01_07_2025_04_19_42,2.10003761725836
MODELFILE10_Test_009_01_07_2025_04_19_42,0.3830874514992047
MODELFILE10_Test_010_01_07_2025_04_19_42,3.5949768697944435
MODELFILE10_Test_011_01_07_2025_04_19_42,2.4255176381053505
MODELFILE10_Test_012_01_07_2025_04_19_42,2.170493512869394
MODELFILE10_Test_014_01_07_2025_04_19_42,0.3776677680527897
MODELFILE10_Test_015_01_07_2025_04_19_42,2.7691946837665466
MODELFILE10_Test_016_01_07_2025_04_19_42,2.5138082666974753
MODELFILE10_Test_018_01_07_2025_04_19_42,2.3375585034084683
MODELFILE10_Test_020_01_07_2025_04_19_42,2.2781115441906263
MODELFILE10_Test_021_01_07_2025_04_19_42,2.710685016096738
MODELFILE10_Test_022_01_07_2025_04_19_42,0.43703949517215346
MODELFILE10_Test_023_01_07_2025_04_19_42,2.582253687736562
MODELFILE10_Test_024_01_07_2025_04_19_42,2.6077228334559654
MODELFILE10_Test_025_01_07_2025_04_19_42,2.2116611489380142
MODELFILE10_Test_026_01_07_2025_04_19_42,2.271110304332963
MODELFILE10_Test_027_01_07_2025_04_19_42,1.5754050765671066
MODELFILE10_Test_028_01_07_2025_04_19_42,2.2078415567123058
MODELFILE10_Test_030_01_07_2025_04_19_42,0.43078932250239427
MODELFILE10_Test_031_01_07_2025_04_19_42,2.032307540229689
MODELFILE10_Test_032_01_07_2025_04_19_42,2.137019749865444
MODELFILE10_Test_033_01_07_2025_05_24_15,0.6412281224627042
MODELFILE10_Test_034_01_07_2025_05_24_15,3.537720376271388
MODELFILE10_Test_035_01_07_2025_05_24_15,2.158145198279558
MODELFILE10_Test_036_01_07_2025_05_24_15,2.123649946178402
MODELFILE10_Test_037_01_07_2025_05_24_15,0.402002607288043
MODELFILE10_Test_038_01_07_2025_05_24_15,2.1558091351598856
MODELFILE10_Test_039_01_07_2025_05_24_15,2.738054654222488
MODELFILE10_Test_040_01_07_2025_05_24_15,3.5591849943941596
MODELFILE10_Test_042_01_07_2025_05_24_15,2.160438329188676
MODELFILE10_Test_044_01_07_2025_05_24_15,3.470077472853083
MODELFILE10_Test_046_01_07_2025_05_24_15,3.078672455279832
MODELFILE10_Test_047_01_07_2025_05_24_15,2.186650463356726
MODELFILE10_Test_048_01_07_2025_05_24_15,1.2242045405452295
MODELFILE10_Test_049_01_07_2025_05_24_15,0.714417377560811
MODELFILE10_Test_050_01_07_2025_05_24_15,3.472371966002315
MODELFILE10_Test_052_01_07_2025_05_24_15,3.5466259063355543
MODELFILE10_Test_053_01_07_2025_05_24_15,2.1052824541949295
MODELFILE10_Test_054_01_07_2025_05_24_15,2.0953589669895027
MODELFILE10_Test_055_01_07_2025_05_24_15,2.078977468697694
MODELFILE10_Test_056_01_07_2025_05_24_15,2.117313600208922
MODELFILE10_Test_057_01_07_2025_05_24_15,1.5140799827699671
MODELFILE10_Test_058_01_07_2025_05_24_15,3.483059894676967
MODELFILE10_Test_059_01_07_2025_05_24_15,2.2865561807734838
MODELFILE10_Test_061_01_07_2025_05_24_15,2.4433144591699514
MODELFILE10_Test_062_01_07_2025_05_24_15,3.475615115369045
MODELFILE10_Test_063_01_07_2025_05_24_15,2.747808403466842
MODELFILE10_Test_064_01_07_2025_05_24_15,3.5418691045705075
MODELFILE10_Test_066_01_07_2025_06_27_47,0.38361924050675067
MODELFILE10_Test_067_01_07_2025_06_27_47,2.0967237672750403
MODELFILE10_Test_068_01_07_2025_06_27_47,2.2498718703252307
MODELFILE10_Test_069_01_07_2025_06_27_47,0.459956955503639
MODELFILE10_Test_070_01_07_2025_06_27_47,2.1538699703128867
MODELFILE10_Test_071_01_07_2025_06_27_47,2.1246380082724428
MODELFILE10_Test_072_01_07_2025_06_27_47,2.074386668870614
MODELFILE10_Test_073_01_07_2025_06_27_47,2.115729491626527
MODELFILE10_Test_074_01_07_2025_06_27_47,0.45674546370638924
MODELFILE10_Test_075_01_07_2025_06_27_47,2.519499326849905
MODELFILE10_Test_076_01_07_2025_06_27_47,3.657483755480307
MODELFILE10_Test_077_01_07_2025_06_27_47,2.042211193015476
MODELFILE10_Test_078_01_07_2025_06_27_47,2.1704812142700427
MODELFILE10_Test_079_01_07_2025_06_27_47,0.8282555507391188
MODELFILE10_Test_080_01_07_2025_06_27_47,1.9657846101660295
MODELFILE10_Test_081_01_07_2025_06_27_47,2.0801711812986245
MODELFILE10_Test_082_01_07_2025_06_27_47,2.2225528853360492
MODELFILE10_Test_083_01_07_2025_06_27_47,2.305017664348071
MODELFILE10_Test_084_01_07_2025_06_27_47,2.5869580104043854
MODELFILE10_Test_085_01_07_2025_06_27_47,0.7516655550675057
MODELFILE10_Test_086_01_07_2025_06_27_47,0.6640855953368205
MODELFILE10_Test_087_01_07_2025_06_27_47,3.5675697701804854
MODELFILE10_Test_088_01_07_2025_06_27_47,2.541248538017883
MODELFILE10_Test_089_01_07_2025_06_27_47,2.516915218962001
MODELFILE10_Test_090_01_07_2025_06_27_47,0.6696261063507283
MODELFILE10_Test_091_01_07_2025_06_27_47,3.5612178025440455
MODELFILE10_Test_092_01_07_2025_06_27_47,2.126807985243058
MODELFILE10_Test_093_01_07_2025_06_27_47,2.3543112267366815
MODELFILE10_Test_094_01_07_2025_06_27_47,2.0724850489645252
MODELFILE10_Test_095_01_07_2025_06_27_47,2.0975131417191712
MODELFILE10_Test_096_01_07_2025_06_27_47,2.0927103986043942
MODELFILE10_Test_097_01_07_2025_07_35_00,2.0903288214597553
MODELFILE10_Test_098_01_07_2025_07_35_00,2.152624618026661
MODELFILE10_Test_099_01_07_2025_07_35_00,3.5514241793004784
MODELFILE10_Test_100_01_07_2025_07_35_00,2.6109561555089975
MODELFILE10_Test_101_01_07_2025_07_35_00,2.496969472867749
MODELFILE10_Test_102_01_07_2025_07_35_00,3.5624616694737106
MODELFILE10_Test_103_01_07_2025_07_35_00,3.0357062007945506
MODELFILE10_Test_104_01_07_2025_07_35_00,2.3030952415671173
MODELFILE10_Test_105_01_07_2025_07_35_00,3.6483157779471154
MODELFILE10_Test_106_01_07_2025_07_35_00,1.0245919978915827
MODELFILE10_Test_107_01_07_2025_07_35_00,2.609367600347758
MODELFILE10_Test_108_01_07_2025_07_35_00,0.46824354950096425
MODELFILE10_Test_109_01_07_2025_07_35_00,1.0474342296184331
MODELFILE10_Test_110_01_07_2025_07_35_00,2.208237345452951
MODELFILE10_Test_111_01_07_2025_07_35_00,1.8068988018774426
MODELFILE10_Test_112_01_07_2025_07_35_00,2.124041773273168
MODELFILE10_Test_115_01_07_2025_07_35_00,2.57480940739067
MODELFILE10_Test_116_01_07_2025_07_35_00,0.5041575728081308
MODELFILE10_Test_117_01_07_2025_07_35_00,3.5277404355160513
MODELFILE10_Test_118_01_07_2025_07_35_00,2.6897150966009034
MODELFILE10_Test_119_01_07_2025_07_35_00,2.1086335058511616
MODELFILE10_Test_120_01_07_2025_07_35_00,2.14793296069089
MODELFILE10_Test_121_01_07_2025_07_35_00,2.113144111660068
MODELFILE10_Test_122_01_07_2025_07_35_00,2.11152572948911
MODELFILE10_Test_123_01_07_2025_07_35_00,0.4537670576685499
MODELFILE10_Test_124_01_07_2025_07_35_00,2.0941226830236315
MODELFILE10_Test_125_01_07_2025_07_35_00,0.5514602780298822
MODELFILE10_Test_126_01_07_2025_07_35_00,0.26739283589115675
MODELFILE10_Test_128_01_07_2025_07_35_00,2.0881199491749363
