testID,metricValue,rv_start,rv_end,rv_intensity,vel_start,vel_end,vel_intensity
MODELFILE01_Test_002_29_06_2025_05_34_14,0.7089655119797279,0.0,0.0,0.0,0.0,0.0,0.0
MODELFILE01_Test_003_29_06_2025_05_34_14,0.9972413792692382,0.0,0.0,0.0,0.0,0.0,0.0
MODELFILE01_Test_005_29_06_2025_05_34_14,0.9972413792692382,0.0,0.0,0.0,0.0,0.0,0.0
MODELFILE01_Test_006_29_06_2025_05_34_14,0.7089655119797279,0.0,0.0,0.0,0.0,0.0,0.0
MODELFILE01_Test_007_29_06_2025_05_34_14,0.9986206896346191,0.0,0.0,0.0,0.0,0.0,0.0
MODELFILE01_Test_008_29_06_2025_05_34_14,0.7089655119797279,0.0,0.0,0.0,0.0,0.0,0.0
MODELFILE01_Test_009_29_06_2025_05_34_14,0.9972413792692382,0.0,0.0,0.0,0.0,0.0,0.0
MODELFILE01_Test_010_29_06_2025_05_34_14,0.7972413819411706,0.0,0.0,0.0,0.0,0.0,0.0
MODELFILE01_Test_011_29_06_2025_05_34_14,0.9972413792692382,0.0,0.0,0.0,0.0,0.0,0.0
MODELFILE01_Test_012_29_06_2025_05_34_14,0.9972413792692382,0.0,0.0,0.0,0.0,0.0,0.0
MODELFILE01_Test_013_29_06_2025_05_34_14,0.7103448275862069,0.0,0.0,0.0,0.0,0.0,0.0
MODELFILE01_Test_014_29_06_2025_05_34_14,0.8220689576247643,0.0,0.0,0.0,0.0,0.0,0.0
MODELFILE01_Test_015_29_06_2025_05_34_14,0.849655164521316,0.0,0.0,0.0,0.0,0.0,0.0
MODELFILE01_Test_016_29_06_2025_05_34_14,0.9972413792692382,0.0,0.0,0.0,0.0,0.0,0.0
MODELFILE01_Test_017_29_06_2025_05_34_14,0.7103448275862069,0.0,0.0,0.0,0.0,0.0,0.0
MODELFILE01_Test_018_29_06_2025_05_34_14,0.8206896551724138,0.0,0.0,0.0,0.0,0.0,0.0
MODELFILE01_Test_019_29_06_2025_05_34_14,0.9972413792692382,0.0,0.0,0.0,0.0,0.0,0.0
MODELFILE01_Test_020_29_06_2025_05_34_14,0.9986206896346191,0.0,0.0,0.0,0.0,0.0,0.0
MODELFILE01_Test_021_29_06_2025_05_34_14,0.9972413792692382,0.0,0.0,0.0,0.0,0.0,0.0
MODELFILE01_Test_022_29_06_2025_05_34_14,0.8206896551724138,0.0,0.0,0.0,0.0,0.0,0.0
MODELFILE01_Test_023_29_06_2025_05_34_14,0.7089655119797279,0.0,0.0,0.0,0.0,0.0,0.0
MODELFILE01_Test_025_29_06_2025_05_34_14,0.7103448275862069,0.0,0.0,0.0,0.0,0.0,0.0
MODELFILE01_Test_026_29_06_2025_05_34_14,0.9972413792692382,0.0,0.0,0.0,0.0,0.0,0.0
MODELFILE01_Test_027_29_06_2025_05_34_14,0.9972413792692382,0.0,0.0,0.0,0.0,0.0,0.0
MODELFILE01_Test_029_29_06_2025_05_34_14,0.9972413792692382,0.0,0.0,0.0,0.0,0.0,0.0
MODELFILE01_Test_030_29_06_2025_05_34_14,0.7103448275862069,0.0,0.0,0.0,0.0,0.0,0.0
MODELFILE01_Test_032_29_06_2025_05_34_14,0.9972413792692382,0.0,0.0,0.0,0.0,0.0,0.0
MODELFILE01_Test_033_29_06_2025_06_41_26,0.9972413792692382,0.0,0.0,0.0,0.0,0.0,0.0
MODELFILE01_Test_034_29_06_2025_06_41_26,0.8220689576247643,0.0,0.0,0.0,0.0,0.0,0.0
MODELFILE01_Test_035_29_06_2025_06_41_26,0.9972413792692382,0.0,0.0,0.0,0.0,0.0,0.0
MODELFILE01_Test_036_29_06_2025_06_41_26,0.9972413792692382,0.0,0.0,0.0,0.0,0.0,0.0
MODELFILE01_Test_037_29_06_2025_06_41_26,0.7089655119797279,0.0,0.0,0.0,0.0,0.0,0.0
MODELFILE01_Test_038_29_06_2025_06_41_26,0.9972413792692382,0.0,0.0,0.0,0.0,0.0,0.0
MODELFILE01_Test_039_29_06_2025_06_41_26,0.9986206896346191,0.0,0.0,0.0,0.0,0.0,0.0
MODELFILE01_Test_040_29_06_2025_06_41_26,0.7089655119797279,0.0,0.0,0.0,0.0,0.0,0.0
MODELFILE01_Test_041_29_06_2025_06_41_26,0.8220689576247643,0.0,0.0,0.0,0.0,0.0,0.0
MODELFILE01_Test_042_29_06_2025_06_41_26,0.9972413792692382,0.0,0.0,0.0,0.0,0.0,0.0
MODELFILE01_Test_043_29_06_2025_06_41_26,0.7103448275862069,0.0,0.0,0.0,0.0,0.0,0.0
MODELFILE01_Test_044_29_06_2025_06_41_26,0.8220689576247643,0.0,0.0,0.0,0.0,0.0,0.0
MODELFILE01_Test_045_29_06_2025_06_41_26,0.9972413792692382,0.0,0.0,0.0,0.0,0.0,0.0
MODELFILE01_Test_046_29_06_2025_06_41_26,0.7089655119797279,0.0,0.0,0.0,0.0,0.0,0.0
MODELFILE01_Test_047_29_06_2025_06_41_26,0.9972413792692382,0.0,0.0,0.0,0.0,0.0,0.0
MODELFILE01_Test_048_29_06_2025_06_41_26,0.8206896551724138,0.0,0.0,0.0,0.0,0.0,0.0
MODELFILE01_Test_049_29_06_2025_06_41_26,0.9972413792692382,0.0,0.0,0.0,0.0,0.0,0.0
MODELFILE01_Test_050_29_06_2025_06_41_26,0.7393103500892376,0.0,0.0,0.0,0.0,0.0,0.0
MODELFILE01_Test_051_29_06_2025_06_41_26,0.32831741859172947,0.0,0.0,0.0,0.0,0.0,0.0
MODELFILE01_Test_052_29_06_2025_06_41_26,0.9972413792692382,0.0,0.0,0.0,0.0,0.0,0.0
MODELFILE01_Test_053_29_06_2025_06_41_26,0.7103448275862069,0.0,0.0,0.0,0.0,0.0,0.0
MODELFILE01_Test_054_29_06_2025_06_41_26,0.7089655119797279,0.0,0.0,0.0,0.0,0.0,0.0
MODELFILE01_Test_055_29_06_2025_06_41_26,0.9972413792692382,0.0,0.0,0.0,0.0,0.0,0.0
MODELFILE01_Test_056_29_06_2025_06_41_26,0.7103448275862069,0.0,0.0,0.0,0.0,0.0,0.0
MODELFILE01_Test_057_29_06_2025_06_41_26,0.8220689576247643,0.0,0.0,0.0,0.0,0.0,0.0
MODELFILE01_Test_060_29_06_2025_06_41_26,0.9972413792692382,0.0,0.0,0.0,0.0,0.0,0.0
MODELFILE01_Test_061_29_06_2025_06_41_26,0.2883174501616379,0.0,0.0,0.0,0.0,0.0,0.0
MODELFILE01_Test_062_29_06_2025_06_41_26,0.9972413792692382,0.0,0.0,0.0,0.0,0.0,0.0
MODELFILE01_Test_063_29_06_2025_06_41_26,0.7103448275862069,0.0,0.0,0.0,0.0,0.0,0.0
MODELFILE01_Test_064_29_06_2025_06_41_26,0.7089655119797279,0.0,0.0,0.0,0.0,0.0,0.0
MODELFILE01_Test_066_29_06_2025_07_48_49,0.8220689576247643,0.0,0.0,0.0,0.0,0.0,0.0
MODELFILE01_Test_067_29_06_2025_07_48_49,0.7089655119797279,0.0,0.0,0.0,0.0,0.0,0.0
MODELFILE01_Test_068_29_06_2025_07_48_49,0.8206896551724138,0.0,0.0,0.0,0.0,0.0,0.0
MODELFILE01_Test_069_29_06_2025_07_48_49,0.8510344801277949,0.0,0.0,0.0,0.0,0.0,0.0
MODELFILE01_Test_070_29_06_2025_07_48_49,0.8,0.0,0.0,0.0,0.0,0.0,0.0
MODELFILE01_Test_071_29_06_2025_07_48_49,0.7131034324909078,0.0,0.0,0.0,0.0,0.0,0.0
MODELFILE01_Test_072_29_06_2025_07_48_49,0.8013793024523505,0.0,0.0,0.0,0.0,0.0,0.0
MODELFILE01_Test_073_29_06_2025_07_48_49,0.7103448275862069,0.0,0.0,0.0,0.0,0.0,0.0
MODELFILE01_Test_075_29_06_2025_07_48_49,0.9972413792692382,0.0,0.0,0.0,0.0,0.0,0.0
MODELFILE01_Test_076_29_06_2025_07_48_49,0.7517241379310344,0.0,0.0,0.0,0.0,0.0,0.0
MODELFILE01_Test_077_29_06_2025_07_48_49,0.8220689576247643,0.0,0.0,0.0,0.0,0.0,0.0
MODELFILE01_Test_078_29_06_2025_07_48_49,0.9972413792692382,0.0,0.0,0.0,0.0,0.0,0.0
MODELFILE01_Test_079_29_06_2025_07_48_49,0.30762776341931575,0.0,0.0,0.0,0.0,0.0,0.0
MODELFILE01_Test_080_29_06_2025_07_48_49,0.5944827638823411,0.0,0.0,0.0,0.0,0.0,0.0
MODELFILE01_Test_081_29_06_2025_07_48_49,0.7089655119797279,0.0,0.0,0.0,0.0,0.0,0.0
MODELFILE01_Test_082_29_06_2025_07_48_49,0.9599999986845872,0.0,0.0,0.0,0.0,0.0,0.0
MODELFILE01_Test_083_29_06_2025_07_48_49,0.7089655119797279,0.0,0.0,0.0,0.0,0.0,0.0
MODELFILE01_Test_084_29_06_2025_07_48_49,0.6468965464624865,0.0,0.0,0.0,0.0,0.0,0.0
MODELFILE01_Test_085_29_06_2025_07_48_49,0.9972413792692382,0.0,0.0,0.0,0.0,0.0,0.0
MODELFILE01_Test_086_29_06_2025_07_48_49,0.9972413792692382,0.0,0.0,0.0,0.0,0.0,0.0
MODELFILE01_Test_087_29_06_2025_07_48_49,0.8193103395659348,0.0,0.0,0.0,0.0,0.0,0.0
MODELFILE01_Test_088_29_06_2025_07_48_49,0.17245536014951512,0.0,0.0,0.0,0.0,0.0,0.0
MODELFILE01_Test_089_29_06_2025_07_48_49,0.9986206896346191,0.0,0.0,0.0,0.0,0.0,0.0
MODELFILE01_Test_090_29_06_2025_07_48_49,0.9986206896346191,0.0,0.0,0.0,0.0,0.0,0.0
MODELFILE01_Test_091_29_06_2025_07_48_49,0.56798692900559,0.0,0.0,0.0,0.0,0.0,0.0
MODELFILE01_Test_092_29_06_2025_07_48_49,0.9972413792692382,0.0,0.0,0.0,0.0,0.0,0.0
MODELFILE01_Test_093_29_06_2025_07_48_49,0.9972413792692382,0.0,0.0,0.0,0.0,0.0,0.0
MODELFILE01_Test_094_29_06_2025_07_48_49,0.7103448275862069,0.0,0.0,0.0,0.0,0.0,0.0
MODELFILE01_Test_095_29_06_2025_07_48_49,0.9972413792692382,0.0,0.0,0.0,0.0,0.0,0.0
MODELFILE01_Test_096_29_06_2025_07_48_49,0.9972413792692382,0.0,0.0,0.0,0.0,0.0,0.0
MODELFILE01_Test_097_29_06_2025_08_53_52,0.8206896551724138,0.0,0.0,0.0,0.0,0.0,0.0
MODELFILE01_Test_098_29_06_2025_08_53_52,0.9268965490933122,0.0,0.0,0.0,0.0,0.0,0.0
MODELFILE01_Test_099_29_06_2025_08_53_52,0.3600415986159752,0.0,0.0,0.0,0.0,0.0,0.0
MODELFILE01_Test_100_29_06_2025_08_53_52,0.8206896551724138,0.0,0.0,0.0,0.0,0.0,0.0
MODELFILE01_Test_101_29_06_2025_08_53_52,0.8206896551724138,0.0,0.0,0.0,0.0,0.0,0.0
MODELFILE01_Test_102_29_06_2025_08_53_52,0.9986206896346191,0.0,0.0,0.0,0.0,0.0,0.0
MODELFILE01_Test_103_29_06_2025_08_53_52,0.711724143192686,0.0,0.0,0.0,0.0,0.0,0.0
MODELFILE01_Test_104_29_06_2025_08_53_52,0.9972413792692382,0.0,0.0,0.0,0.0,0.0,0.0
MODELFILE01_Test_105_29_06_2025_08_53_52,0.7089655119797279,0.0,0.0,0.0,0.0,0.0,0.0
MODELFILE01_Test_106_29_06_2025_08_53_52,0.7089655119797279,0.0,0.0,0.0,0.0,0.0,0.0
MODELFILE01_Test_107_29_06_2025_08_53_52,0.4604211741480334,0.0,0.0,0.0,0.0,0.0,0.0
MODELFILE01_Test_108_29_06_2025_08_53_52,0.9986206896346191,0.0,0.0,0.0,0.0,0.0,0.0
MODELFILE01_Test_109_29_06_2025_08_53_52,0.7103448275862069,0.0,0.0,0.0,0.0,0.0,0.0
MODELFILE01_Test_111_29_06_2025_08_53_52,0.8206896551724138,0.0,0.0,0.0,0.0,0.0,0.0
MODELFILE01_Test_112_29_06_2025_08_53_52,0.9972413792692382,0.0,0.0,0.0,0.0,0.0,0.0
MODELFILE01_Test_113_29_06_2025_08_53_52,0.9972413792692382,0.0,0.0,0.0,0.0,0.0,0.0
MODELFILE01_Test_114_29_06_2025_08_53_52,0.7103448275862069,0.0,0.0,0.0,0.0,0.0,0.0
MODELFILE01_Test_115_29_06_2025_08_53_52,0.9972413792692382,0.0,0.0,0.0,0.0,0.0,0.0
MODELFILE01_Test_116_29_06_2025_08_53_52,0.7889655146105536,0.0,0.0,0.0,0.0,0.0,0.0
MODELFILE01_Test_117_29_06_2025_08_53_52,0.8206896551724138,0.0,0.0,0.0,0.0,0.0,0.0
MODELFILE01_Test_118_29_06_2025_08_53_52,0.7986206843935211,0.0,0.0,0.0,0.0,0.0,0.0
MODELFILE01_Test_119_29_06_2025_08_53_52,0.8234482732312433,0.0,0.0,0.0,0.0,0.0,0.0
MODELFILE01_Test_120_29_06_2025_08_53_52,0.7089655119797279,0.0,0.0,0.0,0.0,0.0,0.0
MODELFILE01_Test_121_29_06_2025_08_53_52,0.5550797034954202,0.0,0.0,0.0,0.0,0.0,0.0
MODELFILE01_Test_122_29_06_2025_08_53_52,0.9972413792692382,0.0,0.0,0.0,0.0,0.0,0.0
MODELFILE01_Test_123_29_06_2025_08_53_52,0.7089655119797279,0.0,0.0,0.0,0.0,0.0,0.0
MODELFILE01_Test_124_29_06_2025_08_53_52,0.7103448275862069,0.0,0.0,0.0,0.0,0.0,0.0
MODELFILE01_Test_125_29_06_2025_08_53_52,0.33383468101764546,0.0,0.0,0.0,0.0,0.0,0.0
MODELFILE01_Test_127_29_06_2025_08_53_52,0.7103448275862069,0.0,0.0,0.0,0.0,0.0,0.0
MODELFILE01_Test_128_29_06_2025_08_53_52,0.8703448196937298,0.0,0.0,0.0,0.0,0.0,0.0
testID,metricValue,rv_start,rv_end,rv_intensity,vel_start,vel_end,vel_intensity
MODELFILE02_Test_001_29_06_2025_10_03_34,0.7103448275862069,0.0,0.0,0.0,0.0,0.0,0.0
MODELFILE02_Test_002_29_06_2025_10_03_34,0.8220689576247643,0.0,0.0,0.0,0.0,0.0,0.0
MODELFILE02_Test_003_29_06_2025_10_03_34,0.8206896551724138,0.0,0.0,0.0,0.0,0.0,0.0
MODELFILE02_Test_004_29_06_2025_10_03_34,0.9972413792692382,0.0,0.0,0.0,0.0,0.0,0.0
MODELFILE02_Test_005_29_06_2025_10_03_34,0.8110344853894464,0.0,0.0,0.0,0.0,0.0,0.0
MODELFILE02_Test_006_29_06_2025_10_03_34,0.9972413792692382,0.0,0.0,0.0,0.0,0.0,0.0
MODELFILE02_Test_007_29_06_2025_10_03_34,0.39038638410897086,0.0,0.0,0.0,0.0,0.0,0.0
MODELFILE02_Test_008_29_06_2025_10_03_34,0.7158620637038658,0.0,0.0,0.0,0.0,0.0,0.0
MODELFILE02_Test_009_29_06_2025_10_03_34,0.9972413792692382,0.0,0.0,0.0,0.0,0.0,0.0
MODELFILE02_Test_010_29_06_2025_10_03_34,0.9986206896346191,0.0,0.0,0.0,0.0,0.0,0.0
MODELFILE02_Test_012_29_06_2025_10_03_34,0.9972413792692382,0.0,0.0,0.0,0.0,0.0,0.0
MODELFILE02_Test_013_29_06_2025_10_03_34,0.9972413792692382,0.0,0.0,0.0,0.0,0.0,0.0
MODELFILE02_Test_014_29_06_2025_10_03_34,0.9972413792692382,0.0,0.0,0.0,0.0,0.0,0.0
MODELFILE02_Test_017_29_06_2025_10_03_34,0.9986206896346191,0.0,0.0,0.0,0.0,0.0,0.0
MODELFILE02_Test_018_29_06_2025_10_03_34,0.5751723980081492,0.0,0.0,0.0,0.0,0.0,0.0
MODELFILE02_Test_019_29_06_2025_10_03_34,0.9986206896346191,0.0,0.0,0.0,0.0,0.0,0.0
MODELFILE02_Test_020_29_06_2025_10_03_34,0.8248275888377222,0.0,0.0,0.0,0.0,0.0,0.0
MODELFILE02_Test_022_29_06_2025_10_03_34,0.7089655119797279,0.0,0.0,0.0,0.0,0.0,0.0
MODELFILE02_Test_023_29_06_2025_10_03_34,0.8220689576247643,0.0,0.0,0.0,0.0,0.0,0.0
MODELFILE02_Test_026_29_06_2025_10_03_34,0.8220689576247643,0.0,0.0,0.0,0.0,0.0,0.0
MODELFILE02_Test_027_29_06_2025_10_03_34,0.8206896551724138,0.0,0.0,0.0,0.0,0.0,0.0
MODELFILE02_Test_029_29_06_2025_10_03_34,0.9972413792692382,0.0,0.0,0.0,0.0,0.0,0.0
MODELFILE02_Test_030_29_06_2025_10_03_34,0.9972413792692382,0.0,0.0,0.0,0.0,0.0,0.0
MODELFILE02_Test_031_29_06_2025_10_03_34,0.9972413792692382,0.0,0.0,0.0,0.0,0.0,0.0
MODELFILE02_Test_032_29_06_2025_10_03_34,0.8220689576247643,0.0,0.0,0.0,0.0,0.0,0.0
MODELFILE02_Test_033_29_06_2025_11_09_16,0.7103448275862069,0.0,0.0,0.0,0.0,0.0,0.0
MODELFILE02_Test_034_29_06_2025_11_09_16,0.5565138718177532,0.0,0.0,0.0,0.0,0.0,0.0
MODELFILE02_Test_036_29_06_2025_11_09_16,0.9972413792692382,0.0,0.0,0.0,0.0,0.0,0.0
MODELFILE02_Test_037_29_06_2025_11_09_16,0.9972413792692382,0.0,0.0,0.0,0.0,0.0,0.0
MODELFILE02_Test_038_29_06_2025_11_09_16,0.9972413792692382,0.0,0.0,0.0,0.0,0.0,0.0
MODELFILE02_Test_039_29_06_2025_11_09_16,0.9972413792692382,0.0,0.0,0.0,0.0,0.0,0.0
MODELFILE02_Test_040_29_06_2025_11_09_16,0.9972413792692382,0.0,0.0,0.0,0.0,0.0,0.0
MODELFILE02_Test_041_29_06_2025_11_09_16,0.5565138718177532,0.0,0.0,0.0,0.0,0.0,0.0
MODELFILE02_Test_042_29_06_2025_11_09_16,0.9972413792692382,0.0,0.0,0.0,0.0,0.0,0.0
MODELFILE02_Test_043_29_06_2025_11_09_16,0.9972413792692382,0.0,0.0,0.0,0.0,0.0,0.0
MODELFILE02_Test_044_29_06_2025_11_09_16,0.9972413792692382,0.0,0.0,0.0,0.0,0.0,0.0
MODELFILE02_Test_045_29_06_2025_11_09_16,0.9972413792692382,0.0,0.0,0.0,0.0,0.0,0.0
MODELFILE02_Test_046_29_06_2025_11_09_16,0.8206896551724138,0.0,0.0,0.0,0.0,0.0,0.0
MODELFILE02_Test_047_29_06_2025_11_09_16,0.9972413792692382,0.0,0.0,0.0,0.0,0.0,0.0
MODELFILE02_Test_048_29_06_2025_11_09_16,0.9972413792692382,0.0,0.0,0.0,0.0,0.0,0.0
MODELFILE02_Test_049_29_06_2025_11_09_16,0.9972413792692382,0.0,0.0,0.0,0.0,0.0,0.0
MODELFILE02_Test_050_29_06_2025_11_09_16,0.9972413792692382,0.0,0.0,0.0,0.0,0.0,0.0
MODELFILE02_Test_051_29_06_2025_11_09_16,0.9972413792692382,0.0,0.0,0.0,0.0,0.0,0.0
MODELFILE02_Test_052_29_06_2025_11_09_16,0.9655172413793104,0.0,0.0,0.0,0.0,0.0,0.0
MODELFILE02_Test_053_29_06_2025_11_09_16,0.9972413792692382,0.0,0.0,0.0,0.0,0.0,0.0
MODELFILE02_Test_054_29_06_2025_11_09_16,0.9972413792692382,0.0,0.0,0.0,0.0,0.0,0.0
MODELFILE02_Test_055_29_06_2025_11_09_16,0.9972413792692382,0.0,0.0,0.0,0.0,0.0,0.0
MODELFILE02_Test_056_29_06_2025_11_09_16,0.8234482732312433,0.0,0.0,0.0,0.0,0.0,0.0
MODELFILE02_Test_057_29_06_2025_11_09_16,0.9972413792692382,0.0,0.0,0.0,0.0,0.0,0.0
MODELFILE02_Test_058_29_06_2025_11_09_16,0.9972413792692382,0.0,0.0,0.0,0.0,0.0,0.0
MODELFILE02_Test_059_29_06_2025_11_09_16,0.9972413792692382,0.0,0.0,0.0,0.0,0.0,0.0
MODELFILE02_Test_060_29_06_2025_11_09_16,0.6758620689655173,0.0,0.0,0.0,0.0,0.0,0.0
MODELFILE02_Test_061_29_06_2025_11_09_16,0.9406896525415881,0.0,0.0,0.0,0.0,0.0,0.0
MODELFILE02_Test_062_29_06_2025_11_09_16,0.8220689576247643,0.0,0.0,0.0,0.0,0.0,0.0
MODELFILE02_Test_063_29_06_2025_11_09_16,0.9972413792692382,0.0,0.0,0.0,0.0,0.0,0.0
MODELFILE02_Test_064_29_06_2025_11_09_16,0.9972413792692382,0.0,0.0,0.0,0.0,0.0,0.0
MODELFILE02_Test_065_29_06_2025_12_16_49,0.9972413792692382,0.0,0.0,0.0,0.0,0.0,0.0
MODELFILE02_Test_066_29_06_2025_12_16_49,0.9972413792692382,0.0,0.0,0.0,0.0,0.0,0.0
MODELFILE02_Test_067_29_06_2025_12_16_49,0.928275858122727,0.0,0.0,0.0,0.0,0.0,0.0
MODELFILE02_Test_068_29_06_2025_12_16_49,0.7089655119797279,0.0,0.0,0.0,0.0,0.0,0.0
MODELFILE02_Test_069_29_06_2025_12_16_49,0.9972413792692382,0.0,0.0,0.0,0.0,0.0,0.0
MODELFILE02_Test_070_29_06_2025_12_16_49,0.9972413792692382,0.0,0.0,0.0,0.0,0.0,0.0
MODELFILE02_Test_071_29_06_2025_12_16_49,0.9972413792692382,0.0,0.0,0.0,0.0,0.0,0.0
MODELFILE02_Test_072_29_06_2025_12_16_49,0.7103448275862069,0.0,0.0,0.0,0.0,0.0,0.0
MODELFILE02_Test_073_29_06_2025_12_16_49,0.9986206896346191,0.0,0.0,0.0,0.0,0.0,0.0
MODELFILE02_Test_074_29_06_2025_12_16_49,0.9972413792692382,0.0,0.0,0.0,0.0,0.0,0.0
MODELFILE02_Test_075_29_06_2025_12_16_49,0.9986206896346191,0.0,0.0,0.0,0.0,0.0,0.0
MODELFILE02_Test_076_29_06_2025_12_16_49,0.9986206896346191,0.0,0.0,0.0,0.0,0.0,0.0
MODELFILE02_Test_077_29_06_2025_12_16_49,0.9972413792692382,0.0,0.0,0.0,0.0,0.0,0.0
MODELFILE02_Test_078_29_06_2025_12_16_49,0.8206896551724138,0.0,0.0,0.0,0.0,0.0,0.0
MODELFILE02_Test_079_29_06_2025_12_16_49,0.5565138718177532,0.0,0.0,0.0,0.0,0.0,0.0
MODELFILE02_Test_080_29_06_2025_12_16_49,0.9972413792692382,0.0,0.0,0.0,0.0,0.0,0.0
MODELFILE02_Test_081_29_06_2025_12_16_49,0.9986206896346191,0.0,0.0,0.0,0.0,0.0,0.0
MODELFILE02_Test_082_29_06_2025_12_16_49,0.9972413792692382,0.0,0.0,0.0,0.0,0.0,0.0
MODELFILE02_Test_083_29_06_2025_12_16_49,0.9972413792692382,0.0,0.0,0.0,0.0,0.0,0.0
MODELFILE02_Test_084_29_06_2025_12_16_49,0.9972413792692382,0.0,0.0,0.0,0.0,0.0,0.0
MODELFILE02_Test_085_29_06_2025_12_16_49,0.9972413792692382,0.0,0.0,0.0,0.0,0.0,0.0
MODELFILE02_Test_086_29_06_2025_12_16_49,0.8220689576247643,0.0,0.0,0.0,0.0,0.0,0.0
MODELFILE02_Test_087_29_06_2025_12_16_49,0.8413793103448276,0.0,0.0,0.0,0.0,0.0,0.0
MODELFILE02_Test_089_29_06_2025_12_16_49,0.9972413792692382,0.0,0.0,0.0,0.0,0.0,0.0
MODELFILE02_Test_090_29_06_2025_12_16_49,0.9972413792692382,0.0,0.0,0.0,0.0,0.0,0.0
MODELFILE02_Test_091_29_06_2025_12_16_49,0.7089655119797279,0.0,0.0,0.0,0.0,0.0,0.0
MODELFILE02_Test_092_29_06_2025_12_16_49,0.7103448275862069,0.0,0.0,0.0,0.0,0.0,0.0
MODELFILE02_Test_093_29_06_2025_12_16_49,0.9972413792692382,0.0,0.0,0.0,0.0,0.0,0.0
MODELFILE02_Test_094_29_06_2025_12_16_49,0.9972413792692382,0.0,0.0,0.0,0.0,0.0,0.0
MODELFILE02_Test_095_29_06_2025_12_16_49,0.9972413792692382,0.0,0.0,0.0,0.0,0.0,0.0
MODELFILE02_Test_096_29_06_2025_12_16_49,0.9972413792692382,0.0,0.0,0.0,0.0,0.0,0.0
MODELFILE02_Test_098_29_06_2025_13_23_52,0.9131034456450364,0.0,0.0,0.0,0.0,0.0,0.0
MODELFILE02_Test_099_29_06_2025_13_23_52,0.7089655119797279,0.0,0.0,0.0,0.0,0.0,0.0
MODELFILE02_Test_100_29_06_2025_13_23_52,0.8206896551724138,0.0,0.0,0.0,0.0,0.0,0.0
MODELFILE02_Test_101_29_06_2025_13_23_52,0.9972413792692382,0.0,0.0,0.0,0.0,0.0,0.0
MODELFILE02_Test_102_29_06_2025_13_23_52,0.7089655119797279,0.0,0.0,0.0,0.0,0.0,0.0
MODELFILE02_Test_103_29_06_2025_13_23_52,0.9972413792692382,0.0,0.0,0.0,0.0,0.0,0.0
MODELFILE02_Test_104_29_06_2025_13_23_52,0.5565138718177532,0.0,0.0,0.0,0.0,0.0,0.0
MODELFILE02_Test_106_29_06_2025_13_23_52,0.8441379284036571,0.0,0.0,0.0,0.0,0.0,0.0
MODELFILE02_Test_107_29_06_2025_13_23_52,0.6689655172413793,0.0,0.0,0.0,0.0,0.0,0.0
MODELFILE02_Test_108_29_06_2025_13_23_52,0.9972413792692382,0.0,0.0,0.0,0.0,0.0,0.0
MODELFILE02_Test_109_29_06_2025_13_23_52,0.9365517254533439,0.0,0.0,0.0,0.0,0.0,0.0
MODELFILE02_Test_110_29_06_2025_13_23_52,0.9972413792692382,0.0,0.0,0.0,0.0,0.0,0.0
MODELFILE02_Test_111_29_06_2025_13_23_52,0.7089655119797279,0.0,0.0,0.0,0.0,0.0,0.0
MODELFILE02_Test_113_29_06_2025_13_23_52,0.7089655119797279,0.0,0.0,0.0,0.0,0.0,0.0
MODELFILE02_Test_114_29_06_2025_13_23_52,0.7103448275862069,0.0,0.0,0.0,0.0,0.0,0.0
MODELFILE02_Test_115_29_06_2025_13_23_52,0.9972413792692382,0.0,0.0,0.0,0.0,0.0,0.0
MODELFILE02_Test_116_29_06_2025_13_23_52,0.56798692900559,0.0,0.0,0.0,0.0,0.0,0.0
MODELFILE02_Test_117_29_06_2025_13_23_52,0.5565138718177532,0.0,0.0,0.0,0.0,0.0,0.0
MODELFILE02_Test_119_29_06_2025_13_23_52,0.7089655119797279,0.0,0.0,0.0,0.0,0.0,0.0
MODELFILE02_Test_120_29_06_2025_13_23_52,0.8206896551724138,0.0,0.0,0.0,0.0,0.0,0.0
MODELFILE02_Test_121_29_06_2025_13_23_52,0.7089655119797279,0.0,0.0,0.0,0.0,0.0,0.0
MODELFILE02_Test_122_29_06_2025_13_23_52,0.9972413792692382,0.0,0.0,0.0,0.0,0.0,0.0
MODELFILE02_Test_123_29_06_2025_13_23_52,0.9972413792692382,0.0,0.0,0.0,0.0,0.0,0.0
MODELFILE02_Test_125_29_06_2025_13_23_52,0.5889655014564251,0.0,0.0,0.0,0.0,0.0,0.0
MODELFILE02_Test_126_29_06_2025_13_23_52,0.9986206896346191,0.0,0.0,0.0,0.0,0.0,0.0
MODELFILE02_Test_128_29_06_2025_13_23_52,0.9972413792692382,0.0,0.0,0.0,0.0,0.0,0.0
testID,metricValue,rv_start,rv_end,rv_intensity,vel_start,vel_end,vel_intensity
MODELFILE03_Test_002_29_06_2025_14_34_12,0.9972413792692382,0.0,0.0,0.0,0.0,0.0,0.0
MODELFILE03_Test_003_29_06_2025_14_34_12,0.9972413792692382,0.0,0.0,0.0,0.0,0.0,0.0
MODELFILE03_Test_004_29_06_2025_14_34_12,0.8220689576247643,0.0,0.0,0.0,0.0,0.0,0.0
MODELFILE03_Test_005_29_06_2025_14_34_12,0.8220689576247643,0.0,0.0,0.0,0.0,0.0,0.0
MODELFILE03_Test_006_29_06_2025_14_34_12,0.5579479875235722,0.0,0.0,0.0,0.0,0.0,0.0
MODELFILE03_Test_007_29_06_2025_14_34_12,0.9972413792692382,0.0,0.0,0.0,0.0,0.0,0.0
MODELFILE03_Test_008_29_06_2025_14_34_12,0.9986206896346191,0.0,0.0,0.0,0.0,0.0,0.0
MODELFILE03_Test_009_29_06_2025_14_34_12,0.7089655119797279,0.0,0.0,0.0,0.0,0.0,0.0
MODELFILE03_Test_010_29_06_2025_14_34_12,0.9972413792692382,0.0,0.0,0.0,0.0,0.0,0.0
MODELFILE03_Test_013_29_06_2025_14_34_12,0.9972413792692382,0.0,0.0,0.0,0.0,0.0,0.0
MODELFILE03_Test_014_29_06_2025_14_34_12,0.9972413792692382,0.0,0.0,0.0,0.0,0.0,0.0
MODELFILE03_Test_015_29_06_2025_14_34_12,0.7103448275862069,0.0,0.0,0.0,0.0,0.0,0.0
MODELFILE03_Test_016_29_06_2025_14_34_12,0.605517236117659,0.0,0.0,0.0,0.0,0.0,0.0
MODELFILE03_Test_018_29_06_2025_14_34_12,0.7158620637038658,0.0,0.0,0.0,0.0,0.0,0.0
MODELFILE03_Test_019_29_06_2025_14_34_12,0.9986206896346191,0.0,0.0,0.0,0.0,0.0,0.0
MODELFILE03_Test_020_29_06_2025_14_34_12,0.6634482811237203,0.0,0.0,0.0,0.0,0.0,0.0
MODELFILE03_Test_021_29_06_2025_14_34_12,0.7089655119797279,0.0,0.0,0.0,0.0,0.0,0.0
MODELFILE03_Test_022_29_06_2025_14_34_12,0.5565138718177532,0.0,0.0,0.0,0.0,0.0,0.0
MODELFILE03_Test_023_29_06_2025_14_34_12,0.8979310331673458,0.0,0.0,0.0,0.0,0.0,0.0
MODELFILE03_Test_024_29_06_2025_14_34_12,0.9972413792692382,0.0,0.0,0.0,0.0,0.0,0.0
MODELFILE03_Test_025_29_06_2025_14_34_12,0.9972413792692382,0.0,0.0,0.0,0.0,0.0,0.0
MODELFILE03_Test_026_29_06_2025_14_34_12,0.8206896551724138,0.0,0.0,0.0,0.0,0.0,0.0
MODELFILE03_Test_027_29_06_2025_14_34_12,0.8165517215071053,0.0,0.0,0.0,0.0,0.0,0.0
MODELFILE03_Test_028_29_06_2025_14_34_12,0.9972413792692382,0.0,0.0,0.0,0.0,0.0,0.0
MODELFILE03_Test_029_29_06_2025_14_34_12,0.7103448275862069,0.0,0.0,0.0,0.0,0.0,0.0
MODELFILE03_Test_030_29_06_2025_14_34_12,0.8206896551724138,0.0,0.0,0.0,0.0,0.0,0.0
MODELFILE03_Test_031_29_06_2025_14_34_12,0.9986206896346191,0.0,0.0,0.0,0.0,0.0,0.0
MODELFILE03_Test_032_29_06_2025_14_34_12,0.9972413792692382,0.0,0.0,0.0,0.0,0.0,0.0
MODELFILE03_Test_033_29_06_2025_15_38_34,0.7103448275862069,0.0,0.0,0.0,0.0,0.0,0.0
MODELFILE03_Test_034_29_06_2025_15_38_34,0.9972413792692382,0.0,0.0,0.0,0.0,0.0,0.0
MODELFILE03_Test_035_29_06_2025_15_38_34,0.9972413792692382,0.0,0.0,0.0,0.0,0.0,0.0
MODELFILE03_Test_036_29_06_2025_15_38_34,0.8220689576247643,0.0,0.0,0.0,0.0,0.0,0.0
MODELFILE03_Test_037_29_06_2025_15_38_34,0.7089655119797279,0.0,0.0,0.0,0.0,0.0,0.0
MODELFILE03_Test_038_29_06_2025_15_38_34,0.9972413792692382,0.0,0.0,0.0,0.0,0.0,0.0
MODELFILE03_Test_039_29_06_2025_15_38_34,0.7103448275862069,0.0,0.0,0.0,0.0,0.0,0.0
MODELFILE03_Test_040_29_06_2025_15_38_34,0.7089655119797279,0.0,0.0,0.0,0.0,0.0,0.0
MODELFILE03_Test_041_29_06_2025_15_38_34,0.8248275888377222,0.0,0.0,0.0,0.0,0.0,0.0
MODELFILE03_Test_042_29_06_2025_15_38_34,0.9972413792692382,0.0,0.0,0.0,0.0,0.0,0.0
MODELFILE03_Test_044_29_06_2025_15_38_34,0.9986206896346191,0.0,0.0,0.0,0.0,0.0,0.0
MODELFILE03_Test_045_29_06_2025_15_38_34,0.9972413792692382,0.0,0.0,0.0,0.0,0.0,0.0
MODELFILE03_Test_048_29_06_2025_15_38_34,0.9972413792692382,0.0,0.0,0.0,0.0,0.0,0.0
MODELFILE03_Test_049_29_06_2025_15_38_34,0.5593821295376482,0.0,0.0,0.0,0.0,0.0,0.0
MODELFILE03_Test_050_29_06_2025_15_38_34,0.9972413792692382,0.0,0.0,0.0,0.0,0.0,0.0
MODELFILE03_Test_051_29_06_2025_15_38_34,0.7103448275862069,0.0,0.0,0.0,0.0,0.0,0.0
MODELFILE03_Test_052_29_06_2025_15_38_34,0.9972413792692382,0.0,0.0,0.0,0.0,0.0,0.0
MODELFILE03_Test_053_29_06_2025_15_38_34,0.9986206896346191,0.0,0.0,0.0,0.0,0.0,0.0
MODELFILE03_Test_054_29_06_2025_15_38_34,0.9972413792692382,0.0,0.0,0.0,0.0,0.0,0.0
MODELFILE03_Test_055_29_06_2025_15_38_34,0.7089655119797279,0.0,0.0,0.0,0.0,0.0,0.0
MODELFILE03_Test_056_29_06_2025_15_38_34,0.7103448275862069,0.0,0.0,0.0,0.0,0.0,0.0
MODELFILE03_Test_057_29_06_2025_15_38_34,0.9986206896346191,0.0,0.0,0.0,0.0,0.0,0.0
MODELFILE03_Test_058_29_06_2025_15_38_34,0.7089655119797279,0.0,0.0,0.0,0.0,0.0,0.0
MODELFILE03_Test_059_29_06_2025_15_38_34,0.9103448275862069,0.0,0.0,0.0,0.0,0.0,0.0
MODELFILE03_Test_060_29_06_2025_15_38_34,0.7089655119797279,0.0,0.0,0.0,0.0,0.0,0.0
MODELFILE03_Test_061_29_06_2025_15_38_34,0.7089655119797279,0.0,0.0,0.0,0.0,0.0,0.0
MODELFILE03_Test_062_29_06_2025_15_38_34,0.8,0.0,0.0,0.0,0.0,0.0,0.0
MODELFILE03_Test_063_29_06_2025_15_38_34,0.7089655119797279,0.0,0.0,0.0,0.0,0.0,0.0
MODELFILE03_Test_064_29_06_2025_15_38_34,0.9972413792692382,0.0,0.0,0.0,0.0,0.0,0.0
MODELFILE03_Test_065_29_06_2025_16_45_17,0.9972413792692382,0.0,0.0,0.0,0.0,0.0,0.0
MODELFILE03_Test_066_29_06_2025_16_45_17,0.9972413792692382,0.0,0.0,0.0,0.0,0.0,0.0
MODELFILE03_Test_067_29_06_2025_16_45_17,0.484802403943292,0.0,0.0,0.0,0.0,0.0,0.0
MODELFILE03_Test_068_29_06_2025_16_45_17,0.8206896551724138,0.0,0.0,0.0,0.0,0.0,0.0
MODELFILE03_Test_070_29_06_2025_16_45_17,0.9972413792692382,0.0,0.0,0.0,0.0,0.0,0.0
MODELFILE03_Test_071_29_06_2025_16_45_17,0.7103448275862069,0.0,0.0,0.0,0.0,0.0,0.0
MODELFILE03_Test_072_29_06_2025_16_45_17,0.8220689576247643,0.0,0.0,0.0,0.0,0.0,0.0
MODELFILE03_Test_074_29_06_2025_16_45_17,0.9972413792692382,0.0,0.0,0.0,0.0,0.0,0.0
MODELFILE03_Test_076_29_06_2025_16_45_17,0.7489655067180765,0.0,0.0,0.0,0.0,0.0,0.0
MODELFILE03_Test_077_29_06_2025_16_45_17,0.8206896551724138,0.0,0.0,0.0,0.0,0.0,0.0
MODELFILE03_Test_078_29_06_2025_16_45_17,0.8220689576247643,0.0,0.0,0.0,0.0,0.0,0.0
MODELFILE03_Test_079_29_06_2025_16_45_17,0.9972413792692382,0.0,0.0,0.0,0.0,0.0,0.0
MODELFILE03_Test_080_29_06_2025_16_45_17,0.8137931034482758,0.0,0.0,0.0,0.0,0.0,0.0
MODELFILE03_Test_081_29_06_2025_16_45_17,0.9972413792692382,0.0,0.0,0.0,0.0,0.0,0.0
MODELFILE03_Test_083_29_06_2025_16_45_17,0.9972413792692382,0.0,0.0,0.0,0.0,0.0,0.0
MODELFILE03_Test_084_29_06_2025_16_45_17,0.7103448275862069,0.0,0.0,0.0,0.0,0.0,0.0
MODELFILE03_Test_085_29_06_2025_16_45_17,0.7103448275862069,0.0,0.0,0.0,0.0,0.0,0.0
MODELFILE03_Test_086_29_06_2025_16_45_17,0.9972413792692382,0.0,0.0,0.0,0.0,0.0,0.0
MODELFILE03_Test_087_29_06_2025_16_45_17,0.7158620637038658,0.0,0.0,0.0,0.0,0.0,0.0
MODELFILE03_Test_088_29_06_2025_16_45_17,0.9972413792692382,0.0,0.0,0.0,0.0,0.0,0.0
MODELFILE03_Test_089_29_06_2025_16_45_17,0.8220689576247643,0.0,0.0,0.0,0.0,0.0,0.0
MODELFILE03_Test_090_29_06_2025_16_45_17,0.9972413792692382,0.0,0.0,0.0,0.0,0.0,0.0
MODELFILE03_Test_091_29_06_2025_16_45_17,0.9972413792692382,0.0,0.0,0.0,0.0,0.0,0.0
MODELFILE03_Test_092_29_06_2025_16_45_17,0.7089655119797279,0.0,0.0,0.0,0.0,0.0,0.0
MODELFILE03_Test_093_29_06_2025_16_45_17,0.8248275888377222,0.0,0.0,0.0,0.0,0.0,0.0
MODELFILE03_Test_094_29_06_2025_16_45_17,0.375213991362473,0.0,0.0,0.0,0.0,0.0,0.0
MODELFILE03_Test_095_29_06_2025_16_45_17,0.7448275862068965,0.0,0.0,0.0,0.0,0.0,0.0
MODELFILE03_Test_096_29_06_2025_16_45_17,0.6593103343042834,0.0,0.0,0.0,0.0,0.0,0.0
MODELFILE03_Test_097_29_06_2025_17_51_40,0.9986206896346191,0.0,0.0,0.0,0.0,0.0,0.0
MODELFILE03_Test_098_29_06_2025_17_51_40,0.9972413792692382,0.0,0.0,0.0,0.0,0.0,0.0
MODELFILE03_Test_099_29_06_2025_17_51_40,0.7103448275862069,0.0,0.0,0.0,0.0,0.0,0.0
MODELFILE03_Test_100_29_06_2025_17_51_40,0.9972413792692382,0.0,0.0,0.0,0.0,0.0,0.0
MODELFILE03_Test_101_29_06_2025_17_51_40,0.7089655119797279,0.0,0.0,0.0,0.0,0.0,0.0
MODELFILE03_Test_102_29_06_2025_17_51_40,0.9062068939208985,0.0,0.0,0.0,0.0,0.0,0.0
MODELFILE03_Test_103_29_06_2025_17_51_40,0.7103448275862069,0.0,0.0,0.0,0.0,0.0,0.0
MODELFILE03_Test_104_29_06_2025_17_51_40,0.7089655119797279,0.0,0.0,0.0,0.0,0.0,0.0
MODELFILE03_Test_105_29_06_2025_17_51_40,0.9972413792692382,0.0,0.0,0.0,0.0,0.0,0.0
MODELFILE03_Test_106_29_06_2025_17_51_40,0.7089655119797279,0.0,0.0,0.0,0.0,0.0,0.0
MODELFILE03_Test_107_29_06_2025_17_51_40,0.9972413792692382,0.0,0.0,0.0,0.0,0.0,0.0
MODELFILE03_Test_108_29_06_2025_17_51_40,0.7089655119797279,0.0,0.0,0.0,0.0,0.0,0.0
MODELFILE03_Test_109_29_06_2025_17_51_40,0.7144827480973869,0.0,0.0,0.0,0.0,0.0,0.0
MODELFILE03_Test_110_29_06_2025_17_51_40,0.9972413792692382,0.0,0.0,0.0,0.0,0.0,0.0
MODELFILE03_Test_111_29_06_2025_17_51_40,0.7089655119797279,0.0,0.0,0.0,0.0,0.0,0.0
MODELFILE03_Test_113_29_06_2025_17_51_40,0.9972413792692382,0.0,0.0,0.0,0.0,0.0,0.0
MODELFILE03_Test_114_29_06_2025_17_51_40,0.9972413792692382,0.0,0.0,0.0,0.0,0.0,0.0
MODELFILE03_Test_115_29_06_2025_17_51_40,0.9972413792692382,0.0,0.0,0.0,0.0,0.0,0.0
MODELFILE03_Test_116_29_06_2025_17_51_40,0.7089655119797279,0.0,0.0,0.0,0.0,0.0,0.0
MODELFILE03_Test_117_29_06_2025_17_51_40,0.9986206896346191,0.0,0.0,0.0,0.0,0.0,0.0
MODELFILE03_Test_118_29_06_2025_17_51_40,0.7103448275862069,0.0,0.0,0.0,0.0,0.0,0.0
MODELFILE03_Test_119_29_06_2025_17_51_40,0.9986206896346191,0.0,0.0,0.0,0.0,0.0,0.0
MODELFILE03_Test_120_29_06_2025_17_51_40,0.8220689576247643,0.0,0.0,0.0,0.0,0.0,0.0
MODELFILE03_Test_121_29_06_2025_17_51_40,0.7089655119797279,0.0,0.0,0.0,0.0,0.0,0.0
MODELFILE03_Test_122_29_06_2025_17_51_40,0.5550797034954202,0.0,0.0,0.0,0.0,0.0,0.0
MODELFILE03_Test_123_29_06_2025_17_51_40,0.9972413792692382,0.0,0.0,0.0,0.0,0.0,0.0
MODELFILE03_Test_124_29_06_2025_17_51_40,0.9972413792692382,0.0,0.0,0.0,0.0,0.0,0.0
MODELFILE03_Test_125_29_06_2025_17_51_40,0.699310329042632,0.0,0.0,0.0,0.0,0.0,0.0
MODELFILE03_Test_126_29_06_2025_17_51_40,0.7089655119797279,0.0,0.0,0.0,0.0,0.0,0.0
MODELFILE03_Test_127_29_06_2025_17_51_40,0.9972413792692382,0.0,0.0,0.0,0.0,0.0,0.0
MODELFILE03_Test_128_29_06_2025_17_51_40,0.9986206896346191,0.0,0.0,0.0,0.0,0.0,0.0
testID,metricValue,rv_start,rv_end,rv_intensity,vel_start,vel_end,vel_intensity
MODELFILE04_Test_001_29_06_2025_19_02_41,0.9972413792692382,0.0,0.0,0.0,0.0,0.0,0.0
MODELFILE04_Test_002_29_06_2025_19_02_41,0.711724143192686,0.0,0.0,0.0,0.0,0.0,0.0
MODELFILE04_Test_003_29_06_2025_19_02_41,0.7103448275862069,0.0,0.0,0.0,0.0,0.0,0.0
MODELFILE04_Test_004_29_06_2025_19_02_41,0.9972413792692382,0.0,0.0,0.0,0.0,0.0,0.0
MODELFILE04_Test_005_29_06_2025_19_02_41,0.7103448275862069,0.0,0.0,0.0,0.0,0.0,0.0
MODELFILE04_Test_006_29_06_2025_19_02_41,0.8220689576247643,0.0,0.0,0.0,0.0,0.0,0.0
MODELFILE04_Test_007_29_06_2025_19_02_41,0.9972413792692382,0.0,0.0,0.0,0.0,0.0,0.0
MODELFILE04_Test_008_29_06_2025_19_02_41,0.8275862068965517,0.0,0.0,0.0,0.0,0.0,0.0
MODELFILE04_Test_009_29_06_2025_19_02_41,0.9972413792692382,0.0,0.0,0.0,0.0,0.0,0.0
MODELFILE04_Test_010_29_06_2025_19_02_41,0.7103448275862069,0.0,0.0,0.0,0.0,0.0,0.0
MODELFILE04_Test_011_29_06_2025_19_02_41,0.9972413792692382,0.0,0.0,0.0,0.0,0.0,0.0
MODELFILE04_Test_012_29_06_2025_19_02_41,0.9972413792692382,0.0,0.0,0.0,0.0,0.0,0.0
MODELFILE04_Test_014_29_06_2025_19_02_41,0.7089655119797279,0.0,0.0,0.0,0.0,0.0,0.0
MODELFILE04_Test_015_29_06_2025_19_02_41,0.9972413792692382,0.0,0.0,0.0,0.0,0.0,0.0
MODELFILE04_Test_016_29_06_2025_19_02_41,0.9986206896346191,0.0,0.0,0.0,0.0,0.0,0.0
MODELFILE04_Test_017_29_06_2025_19_02_41,0.7103448275862069,0.0,0.0,0.0,0.0,0.0,0.0
MODELFILE04_Test_018_29_06_2025_19_02_41,0.32831741859172947,0.0,0.0,0.0,0.0,0.0,0.0
MODELFILE04_Test_020_29_06_2025_19_02_41,0.9972413792692382,0.0,0.0,0.0,0.0,0.0,0.0
MODELFILE04_Test_021_29_06_2025_19_02_41,0.4618553424703664,0.0,0.0,0.0,0.0,0.0,0.0
MODELFILE04_Test_022_29_06_2025_19_02_41,0.9972413792692382,0.0,0.0,0.0,0.0,0.0,0.0
MODELFILE04_Test_023_29_06_2025_19_02_41,0.7089655119797279,0.0,0.0,0.0,0.0,0.0,0.0
MODELFILE04_Test_024_29_06_2025_19_02_41,0.8206896551724138,0.0,0.0,0.0,0.0,0.0,0.0
MODELFILE04_Test_025_29_06_2025_19_02_41,0.7089655119797279,0.0,0.0,0.0,0.0,0.0,0.0
MODELFILE04_Test_026_29_06_2025_19_02_41,0.711724143192686,0.0,0.0,0.0,0.0,0.0,0.0
MODELFILE04_Test_027_29_06_2025_19_02_41,0.7103448275862069,0.0,0.0,0.0,0.0,0.0,0.0
MODELFILE04_Test_028_29_06_2025_19_02_41,0.9972413792692382,0.0,0.0,0.0,0.0,0.0,0.0
MODELFILE04_Test_029_29_06_2025_19_02_41,0.9972413792692382,0.0,0.0,0.0,0.0,0.0,0.0
MODELFILE04_Test_030_29_06_2025_19_02_41,0.8220689576247643,0.0,0.0,0.0,0.0,0.0,0.0
MODELFILE04_Test_031_29_06_2025_19_02_41,0.8220689576247643,0.0,0.0,0.0,0.0,0.0,0.0
MODELFILE04_Test_032_29_06_2025_19_02_41,0.9972413792692382,0.0,0.0,0.0,0.0,0.0,0.0
MODELFILE04_Test_034_29_06_2025_20_10_03,0.9972413792692382,0.0,0.0,0.0,0.0,0.0,0.0
MODELFILE04_Test_036_29_06_2025_20_10_03,0.8220689576247643,0.0,0.0,0.0,0.0,0.0,0.0
MODELFILE04_Test_037_29_06_2025_20_10_03,0.9986206896346191,0.0,0.0,0.0,0.0,0.0,0.0
MODELFILE04_Test_038_29_06_2025_20_10_03,0.9972413792692382,0.0,0.0,0.0,0.0,0.0,0.0
MODELFILE04_Test_039_29_06_2025_20_10_03,0.9972413792692382,0.0,0.0,0.0,0.0,0.0,0.0
MODELFILE04_Test_040_29_06_2025_20_10_03,0.8234482732312433,0.0,0.0,0.0,0.0,0.0,0.0
MODELFILE04_Test_042_29_06_2025_20_10_03,0.9972413792692382,0.0,0.0,0.0,0.0,0.0,0.0
MODELFILE04_Test_043_29_06_2025_20_10_03,0.7103448275862069,0.0,0.0,0.0,0.0,0.0,0.0
MODELFILE04_Test_044_29_06_2025_20_10_03,0.46759185791015623,0.0,0.0,0.0,0.0,0.0,0.0
MODELFILE04_Test_046_29_06_2025_20_10_03,0.40969674998316274,0.0,0.0,0.0,0.0,0.0,0.0
MODELFILE04_Test_047_29_06_2025_20_10_03,0.9972413792692382,0.0,0.0,0.0,0.0,0.0,0.0
MODELFILE04_Test_048_29_06_2025_20_10_03,0.9972413792692382,0.0,0.0,0.0,0.0,0.0,0.0
MODELFILE04_Test_049_29_06_2025_20_10_03,0.9972413792692382,0.0,0.0,0.0,0.0,0.0,0.0
MODELFILE04_Test_050_29_06_2025_20_10_03,0.9972413792692382,0.0,0.0,0.0,0.0,0.0,0.0
MODELFILE04_Test_051_29_06_2025_20_10_03,0.9972413792692382,0.0,0.0,0.0,0.0,0.0,0.0
MODELFILE04_Test_053_29_06_2025_20_10_03,0.9972413792692382,0.0,0.0,0.0,0.0,0.0,0.0
MODELFILE04_Test_054_29_06_2025_20_10_03,0.9972413792692382,0.0,0.0,0.0,0.0,0.0,0.0
MODELFILE04_Test_055_29_06_2025_20_10_03,0.9972413792692382,0.0,0.0,0.0,0.0,0.0,0.0
MODELFILE04_Test_056_29_06_2025_20_10_03,0.8206896551724138,0.0,0.0,0.0,0.0,0.0,0.0
MODELFILE04_Test_057_29_06_2025_20_10_03,0.9986206896346191,0.0,0.0,0.0,0.0,0.0,0.0
MODELFILE04_Test_058_29_06_2025_20_10_03,0.7089655119797279,0.0,0.0,0.0,0.0,0.0,0.0
MODELFILE04_Test_059_29_06_2025_20_10_03,0.7103448275862069,0.0,0.0,0.0,0.0,0.0,0.0
MODELFILE04_Test_060_29_06_2025_20_10_03,0.8206896551724138,0.0,0.0,0.0,0.0,0.0,0.0
MODELFILE04_Test_061_29_06_2025_20_10_03,0.9972413792692382,0.0,0.0,0.0,0.0,0.0,0.0
MODELFILE04_Test_062_29_06_2025_20_10_03,0.7089655119797279,0.0,0.0,0.0,0.0,0.0,0.0
MODELFILE04_Test_063_29_06_2025_20_10_03,0.9986206896346191,0.0,0.0,0.0,0.0,0.0,0.0
MODELFILE04_Test_064_29_06_2025_20_10_03,0.7089655119797279,0.0,0.0,0.0,0.0,0.0,0.0
MODELFILE04_Test_066_29_06_2025_21_13_05,0.7103448275862069,0.0,0.0,0.0,0.0,0.0,0.0
MODELFILE04_Test_067_29_06_2025_21_13_05,0.9972413792692382,0.0,0.0,0.0,0.0,0.0,0.0
MODELFILE04_Test_068_29_06_2025_21_13_05,0.9986206896346191,0.0,0.0,0.0,0.0,0.0,0.0
MODELFILE04_Test_069_29_06_2025_21_13_05,0.9972413792692382,0.0,0.0,0.0,0.0,0.0,0.0
MODELFILE04_Test_071_29_06_2025_21_13_05,0.9972413792692382,0.0,0.0,0.0,0.0,0.0,0.0
MODELFILE04_Test_072_29_06_2025_21_13_05,0.9972413792692382,0.0,0.0,0.0,0.0,0.0,0.0
MODELFILE04_Test_073_29_06_2025_21_13_05,0.8220689576247643,0.0,0.0,0.0,0.0,0.0,0.0
MODELFILE04_Test_074_29_06_2025_21_13_06,0.7103448275862069,0.0,0.0,0.0,0.0,0.0,0.0
MODELFILE04_Test_075_29_06_2025_21_13_06,0.7089655119797279,0.0,0.0,0.0,0.0,0.0,0.0
MODELFILE04_Test_076_29_06_2025_21_13_06,0.9972413792692382,0.0,0.0,0.0,0.0,0.0,0.0
MODELFILE04_Test_077_29_06_2025_21_13_06,0.7089655119797279,0.0,0.0,0.0,0.0,0.0,0.0
MODELFILE04_Test_078_29_06_2025_21_13_06,0.7089655119797279,0.0,0.0,0.0,0.0,0.0,0.0
MODELFILE04_Test_079_29_06_2025_21_13_06,0.7089655119797279,0.0,0.0,0.0,0.0,0.0,0.0
MODELFILE04_Test_080_29_06_2025_21_13_06,0.7103448275862069,0.0,0.0,0.0,0.0,0.0,0.0
MODELFILE04_Test_081_29_06_2025_21_13_06,0.8275862068965517,0.0,0.0,0.0,0.0,0.0,0.0
MODELFILE04_Test_082_29_06_2025_21_13_06,0.7131034324909078,0.0,0.0,0.0,0.0,0.0,0.0
MODELFILE04_Test_083_29_06_2025_21_13_06,0.8234482732312433,0.0,0.0,0.0,0.0,0.0,0.0
MODELFILE04_Test_084_29_06_2025_21_13_06,0.9986206896346191,0.0,0.0,0.0,0.0,0.0,0.0
MODELFILE04_Test_086_29_06_2025_21_13_06,0.9972413792692382,0.0,0.0,0.0,0.0,0.0,0.0
MODELFILE04_Test_087_29_06_2025_21_13_06,0.9972413792692382,0.0,0.0,0.0,0.0,0.0,0.0
MODELFILE04_Test_089_29_06_2025_21_13_06,0.7144827480973869,0.0,0.0,0.0,0.0,0.0,0.0
MODELFILE04_Test_090_29_06_2025_21_13_06,0.6331034430142106,0.0,0.0,0.0,0.0,0.0,0.0
MODELFILE04_Test_091_29_06_2025_21_13_06,0.9972413792692382,0.0,0.0,0.0,0.0,0.0,0.0
MODELFILE04_Test_092_29_06_2025_21_13_06,0.7089655119797279,0.0,0.0,0.0,0.0,0.0,0.0
MODELFILE04_Test_093_29_06_2025_21_13_06,0.9972413792692382,0.0,0.0,0.0,0.0,0.0,0.0
MODELFILE04_Test_094_29_06_2025_21_13_06,0.9986206896346191,0.0,0.0,0.0,0.0,0.0,0.0
MODELFILE04_Test_095_29_06_2025_21_13_06,0.8220689576247643,0.0,0.0,0.0,0.0,0.0,0.0
MODELFILE04_Test_096_29_06_2025_21_13_06,0.9972413792692382,0.0,0.0,0.0,0.0,0.0,0.0
MODELFILE04_Test_097_29_06_2025_22_17_29,0.8013793024523505,0.0,0.0,0.0,0.0,0.0,0.0
MODELFILE04_Test_098_29_06_2025_22_17_29,0.7089655119797279,0.0,0.0,0.0,0.0,0.0,0.0
MODELFILE04_Test_099_29_06_2025_22_17_29,0.7089655119797279,0.0,0.0,0.0,0.0,0.0,0.0
MODELFILE04_Test_100_29_06_2025_22_17_29,0.7158620637038658,0.0,0.0,0.0,0.0,0.0,0.0
MODELFILE04_Test_101_29_06_2025_22_17_29,0.9972413792692382,0.0,0.0,0.0,0.0,0.0,0.0
MODELFILE04_Test_102_29_06_2025_22_17_29,0.8220689576247643,0.0,0.0,0.0,0.0,0.0,0.0
MODELFILE04_Test_103_29_06_2025_22_17_29,0.9972413792692382,0.0,0.0,0.0,0.0,0.0,0.0
MODELFILE04_Test_104_29_06_2025_22_17_29,0.9972413792692382,0.0,0.0,0.0,0.0,0.0,0.0
MODELFILE04_Test_105_29_06_2025_22_17_29,0.9972413792692382,0.0,0.0,0.0,0.0,0.0,0.0
MODELFILE04_Test_106_29_06_2025_22_17_29,0.9972413792692382,0.0,0.0,0.0,0.0,0.0,0.0
MODELFILE04_Test_107_29_06_2025_22_17_29,0.7089655119797279,0.0,0.0,0.0,0.0,0.0,0.0
MODELFILE04_Test_108_29_06_2025_22_17_29,0.9972413792692382,0.0,0.0,0.0,0.0,0.0,0.0
MODELFILE04_Test_109_29_06_2025_22_17_29,0.5579479875235722,0.0,0.0,0.0,0.0,0.0,0.0
MODELFILE04_Test_110_29_06_2025_22_17_29,0.8137931034482758,0.0,0.0,0.0,0.0,0.0,0.0
MODELFILE04_Test_111_29_06_2025_22_17_29,0.9972413792692382,0.0,0.0,0.0,0.0,0.0,0.0
MODELFILE04_Test_112_29_06_2025_22_17_29,0.8220689576247643,0.0,0.0,0.0,0.0,0.0,0.0
MODELFILE04_Test_113_29_06_2025_22_17_29,0.9972413792692382,0.0,0.0,0.0,0.0,0.0,0.0
MODELFILE04_Test_114_29_06_2025_22_17_29,0.45898705844221444,0.0,0.0,0.0,0.0,0.0,0.0
MODELFILE04_Test_115_29_06_2025_22_17_29,0.9972413792692382,0.0,0.0,0.0,0.0,0.0,0.0
MODELFILE04_Test_117_29_06_2025_22_17_29,0.9972413792692382,0.0,0.0,0.0,0.0,0.0,0.0
MODELFILE04_Test_118_29_06_2025_22_17_29,0.9972413792692382,0.0,0.0,0.0,0.0,0.0,0.0
MODELFILE04_Test_119_29_06_2025_22_17_29,0.7089655119797279,0.0,0.0,0.0,0.0,0.0,0.0
MODELFILE04_Test_120_29_06_2025_22_17_29,0.7103448275862069,0.0,0.0,0.0,0.0,0.0,0.0
MODELFILE04_Test_121_29_06_2025_22_17_29,0.7089655119797279,0.0,0.0,0.0,0.0,0.0,0.0
MODELFILE04_Test_122_29_06_2025_22_17_29,0.7103448275862069,0.0,0.0,0.0,0.0,0.0,0.0
MODELFILE04_Test_123_29_06_2025_22_17_29,0.7089655119797279,0.0,0.0,0.0,0.0,0.0,0.0
MODELFILE04_Test_124_29_06_2025_22_17_29,0.9310344827586207,0.0,0.0,0.0,0.0,0.0,0.0
MODELFILE04_Test_125_29_06_2025_22_17_29,0.5263969158304149,0.0,0.0,0.0,0.0,0.0,0.0
MODELFILE04_Test_126_29_06_2025_22_17_29,0.8206896551724138,0.0,0.0,0.0,0.0,0.0,0.0
MODELFILE04_Test_127_29_06_2025_22_17_29,0.9972413792692382,0.0,0.0,0.0,0.0,0.0,0.0
MODELFILE04_Test_128_29_06_2025_22_17_29,0.7103448275862069,0.0,0.0,0.0,0.0,0.0,0.0
testID,metricValue,rv_start,rv_end,rv_intensity,vel_start,vel_end,vel_intensity
MODELFILE05_Test_001_29_06_2025_23_29_10,0.9972413792692382,0.0,0.0,0.0,0.0,0.0,0.0
MODELFILE05_Test_002_29_06_2025_23_29_10,0.8206896551724138,0.0,0.0,0.0,0.0,0.0,0.0
MODELFILE05_Test_003_29_06_2025_23_29_10,0.9434482771774818,0.0,0.0,0.0,0.0,0.0,0.0
MODELFILE05_Test_004_29_06_2025_23_29_10,0.9972413792692382,0.0,0.0,0.0,0.0,0.0,0.0
MODELFILE05_Test_005_29_06_2025_23_29_10,0.6717241221460803,0.0,0.0,0.0,0.0,0.0,0.0
MODELFILE05_Test_007_29_06_2025_23_29_10,0.7089655119797279,0.0,0.0,0.0,0.0,0.0,0.0
MODELFILE05_Test_008_29_06_2025_23_29_10,0.491973876953125,0.0,0.0,0.0,0.0,0.0,0.0
MODELFILE05_Test_009_29_06_2025_23_29_10,0.9420689615710028,0.0,0.0,0.0,0.0,0.0,0.0
MODELFILE05_Test_010_29_06_2025_23_29_10,0.7103448275862069,0.0,0.0,0.0,0.0,0.0,0.0
MODELFILE05_Test_011_29_06_2025_23_29_10,0.9972413792692382,0.0,0.0,0.0,0.0,0.0,0.0
MODELFILE05_Test_012_29_06_2025_23_29_10,0.9972413792692382,0.0,0.0,0.0,0.0,0.0,0.0
MODELFILE05_Test_013_29_06_2025_23_29_10,0.7103448275862069,0.0,0.0,0.0,0.0,0.0,0.0
MODELFILE05_Test_014_29_06_2025_23_29_10,0.8220689576247643,0.0,0.0,0.0,0.0,0.0,0.0
MODELFILE05_Test_015_29_06_2025_23_29_10,0.7089655119797279,0.0,0.0,0.0,0.0,0.0,0.0
MODELFILE05_Test_017_29_06_2025_23_29_10,0.8220689576247643,0.0,0.0,0.0,0.0,0.0,0.0
MODELFILE05_Test_019_29_06_2025_23_29_10,0.8220689576247643,0.0,0.0,0.0,0.0,0.0,0.0
MODELFILE05_Test_020_29_06_2025_23_29_10,0.9986206896346191,0.0,0.0,0.0,0.0,0.0,0.0
MODELFILE05_Test_021_29_06_2025_23_29_10,0.9972413792692382,0.0,0.0,0.0,0.0,0.0,0.0
MODELFILE05_Test_022_29_06_2025_23_29_10,0.9972413792692382,0.0,0.0,0.0,0.0,0.0,0.0
MODELFILE05_Test_023_29_06_2025_23_29_10,0.9972413792692382,0.0,0.0,0.0,0.0,0.0,0.0
MODELFILE05_Test_024_29_06_2025_23_29_10,0.7103448275862069,0.0,0.0,0.0,0.0,0.0,0.0
MODELFILE05_Test_025_29_06_2025_23_29_10,0.9972413792692382,0.0,0.0,0.0,0.0,0.0,0.0
MODELFILE05_Test_026_29_06_2025_23_29_10,0.7089655119797279,0.0,0.0,0.0,0.0,0.0,0.0
MODELFILE05_Test_027_29_06_2025_23_29_10,0.7103448275862069,0.0,0.0,0.0,0.0,0.0,0.0
MODELFILE05_Test_028_29_06_2025_23_29_10,0.7089655119797279,0.0,0.0,0.0,0.0,0.0,0.0
MODELFILE05_Test_029_29_06_2025_23_29_10,0.8220689576247643,0.0,0.0,0.0,0.0,0.0,0.0
MODELFILE05_Test_030_29_06_2025_23_29_10,0.5806896604340652,0.0,0.0,0.0,0.0,0.0,0.0
MODELFILE05_Test_031_29_06_2025_23_29_10,0.9972413792692382,0.0,0.0,0.0,0.0,0.0,0.0
MODELFILE05_Test_032_29_06_2025_23_29_10,0.9972413792692382,0.0,0.0,0.0,0.0,0.0,0.0
MODELFILE05_Test_033_30_06_2025_00_37_22,0.8220689576247643,0.0,0.0,0.0,0.0,0.0,0.0
MODELFILE05_Test_034_30_06_2025_00_37_22,0.9779310341539054,0.0,0.0,0.0,0.0,0.0,0.0
MODELFILE05_Test_035_30_06_2025_00_37_22,0.6841379362961342,0.0,0.0,0.0,0.0,0.0,0.0
MODELFILE05_Test_036_30_06_2025_00_37_22,0.7089655119797279,0.0,0.0,0.0,0.0,0.0,0.0
MODELFILE05_Test_037_30_06_2025_00_37_22,0.7089655119797279,0.0,0.0,0.0,0.0,0.0,0.0
MODELFILE05_Test_038_30_06_2025_00_37_22,0.7089655119797279,0.0,0.0,0.0,0.0,0.0,0.0
MODELFILE05_Test_039_30_06_2025_00_37_22,0.9986206896346191,0.0,0.0,0.0,0.0,0.0,0.0
MODELFILE05_Test_040_30_06_2025_00_37_22,0.7103448275862069,0.0,0.0,0.0,0.0,0.0,0.0
MODELFILE05_Test_041_30_06_2025_00_37_22,0.7103448275862069,0.0,0.0,0.0,0.0,0.0,0.0
MODELFILE05_Test_042_30_06_2025_00_37_22,0.9972413792692382,0.0,0.0,0.0,0.0,0.0,0.0
MODELFILE05_Test_043_30_06_2025_00_37_22,0.7089655119797279,0.0,0.0,0.0,0.0,0.0,0.0
MODELFILE05_Test_044_30_06_2025_00_37_22,0.9972413792692382,0.0,0.0,0.0,0.0,0.0,0.0
MODELFILE05_Test_045_30_06_2025_00_37_22,0.9972413792692382,0.0,0.0,0.0,0.0,0.0,0.0
MODELFILE05_Test_046_30_06_2025_00_37_22,0.7103448275862069,0.0,0.0,0.0,0.0,0.0,0.0
MODELFILE05_Test_047_30_06_2025_00_37_22,0.9986206896346191,0.0,0.0,0.0,0.0,0.0,0.0
MODELFILE05_Test_048_30_06_2025_00_37_22,0.9972413792692382,0.0,0.0,0.0,0.0,0.0,0.0
MODELFILE05_Test_049_30_06_2025_00_37_22,0.9972413792692382,0.0,0.0,0.0,0.0,0.0,0.0
MODELFILE05_Test_050_30_06_2025_00_37_22,0.9972413792692382,0.0,0.0,0.0,0.0,0.0,0.0
MODELFILE05_Test_051_30_06_2025_00_37_22,0.8937930995020373,0.0,0.0,0.0,0.0,0.0,0.0
MODELFILE05_Test_052_30_06_2025_00_37_22,0.9972413792692382,0.0,0.0,0.0,0.0,0.0,0.0
MODELFILE05_Test_054_30_06_2025_00_37_22,0.8206896551724138,0.0,0.0,0.0,0.0,0.0,0.0
MODELFILE05_Test_055_30_06_2025_00_37_22,0.7089655119797279,0.0,0.0,0.0,0.0,0.0,0.0
MODELFILE05_Test_056_30_06_2025_00_37_22,0.9972413792692382,0.0,0.0,0.0,0.0,0.0,0.0
MODELFILE05_Test_057_30_06_2025_00_37_22,0.8220689576247643,0.0,0.0,0.0,0.0,0.0,0.0
MODELFILE05_Test_058_30_06_2025_00_37_22,0.7089655119797279,0.0,0.0,0.0,0.0,0.0,0.0
MODELFILE05_Test_059_30_06_2025_00_37_22,0.9972413792692382,0.0,0.0,0.0,0.0,0.0,0.0
MODELFILE05_Test_060_30_06_2025_00_37_22,0.8206896551724138,0.0,0.0,0.0,0.0,0.0,0.0
MODELFILE05_Test_061_30_06_2025_00_37_22,0.9489655165836729,0.0,0.0,0.0,0.0,0.0,0.0
MODELFILE05_Test_062_30_06_2025_00_37_22,0.7089655119797279,0.0,0.0,0.0,0.0,0.0,0.0
MODELFILE05_Test_063_30_06_2025_00_37_22,0.9972413792692382,0.0,0.0,0.0,0.0,0.0,0.0
MODELFILE05_Test_066_30_06_2025_01_43_55,0.9972413792692382,0.0,0.0,0.0,0.0,0.0,0.0
MODELFILE05_Test_067_30_06_2025_01_43_55,0.7089655119797279,0.0,0.0,0.0,0.0,0.0,0.0
MODELFILE05_Test_068_30_06_2025_01_43_55,0.8220689576247643,0.0,0.0,0.0,0.0,0.0,0.0
MODELFILE05_Test_069_30_06_2025_01_43_55,0.7089655119797279,0.0,0.0,0.0,0.0,0.0,0.0
MODELFILE05_Test_070_30_06_2025_01_43_55,0.8234482732312433,0.0,0.0,0.0,0.0,0.0,0.0
MODELFILE05_Test_071_30_06_2025_01_43_55,0.9972413792692382,0.0,0.0,0.0,0.0,0.0,0.0
MODELFILE05_Test_072_30_06_2025_01_43_55,0.9972413792692382,0.0,0.0,0.0,0.0,0.0,0.0
MODELFILE05_Test_073_30_06_2025_01_43_55,0.9972413792692382,0.0,0.0,0.0,0.0,0.0,0.0
MODELFILE05_Test_074_30_06_2025_01_43_55,0.9986206896346191,0.0,0.0,0.0,0.0,0.0,0.0
MODELFILE05_Test_075_30_06_2025_01_43_55,0.7103448275862069,0.0,0.0,0.0,0.0,0.0,0.0
MODELFILE05_Test_077_30_06_2025_01_43_55,0.9972413792692382,0.0,0.0,0.0,0.0,0.0,0.0
MODELFILE05_Test_078_30_06_2025_01_43_55,0.7089655119797279,0.0,0.0,0.0,0.0,0.0,0.0
MODELFILE05_Test_079_30_06_2025_01_43_55,0.8206896551724138,0.0,0.0,0.0,0.0,0.0,0.0
MODELFILE05_Test_080_30_06_2025_01_43_55,0.9972413792692382,0.0,0.0,0.0,0.0,0.0,0.0
MODELFILE05_Test_081_30_06_2025_01_43_55,0.9972413792692382,0.0,0.0,0.0,0.0,0.0,0.0
MODELFILE05_Test_082_30_06_2025_01_43_55,0.8220689576247643,0.0,0.0,0.0,0.0,0.0,0.0
MODELFILE05_Test_083_30_06_2025_01_43_55,0.7089655119797279,0.0,0.0,0.0,0.0,0.0,0.0
MODELFILE05_Test_084_30_06_2025_01_43_55,0.8510344801277949,0.0,0.0,0.0,0.0,0.0,0.0
MODELFILE05_Test_085_30_06_2025_01_43_55,0.7089655119797279,0.0,0.0,0.0,0.0,0.0,0.0
MODELFILE05_Test_086_30_06_2025_01_43_55,0.7089655119797279,0.0,0.0,0.0,0.0,0.0,0.0
MODELFILE05_Test_087_30_06_2025_01_43_55,0.9972413792692382,0.0,0.0,0.0,0.0,0.0,0.0
MODELFILE05_Test_088_30_06_2025_01_43_55,0.7103448275862069,0.0,0.0,0.0,0.0,0.0,0.0
MODELFILE05_Test_089_30_06_2025_01_43_55,0.7103448275862069,0.0,0.0,0.0,0.0,0.0,0.0
MODELFILE05_Test_091_30_06_2025_01_43_55,0.711724143192686,0.0,0.0,0.0,0.0,0.0,0.0
MODELFILE05_Test_092_30_06_2025_01_43_55,0.7765517136146283,0.0,0.0,0.0,0.0,0.0,0.0
MODELFILE05_Test_093_30_06_2025_01_43_55,0.9972413792692382,0.0,0.0,0.0,0.0,0.0,0.0
MODELFILE05_Test_095_30_06_2025_01_43_55,0.9972413792692382,0.0,0.0,0.0,0.0,0.0,0.0
MODELFILE05_Test_096_30_06_2025_01_43_55,0.9972413792692382,0.0,0.0,0.0,0.0,0.0,0.0
MODELFILE05_Test_098_30_06_2025_02_47_18,0.9972413792692382,0.0,0.0,0.0,0.0,0.0,0.0
MODELFILE05_Test_099_30_06_2025_02_47_18,0.46472357388200436,0.0,0.0,0.0,0.0,0.0,0.0
MODELFILE05_Test_101_30_06_2025_02_47_18,0.8220689576247643,0.0,0.0,0.0,0.0,0.0,0.0
MODELFILE05_Test_102_30_06_2025_02_47_18,0.6331034430142106,0.0,0.0,0.0,0.0,0.0,0.0
MODELFILE05_Test_104_30_06_2025_02_47_18,0.8220689576247643,0.0,0.0,0.0,0.0,0.0,0.0
MODELFILE05_Test_105_30_06_2025_02_47_18,0.9972413792692382,0.0,0.0,0.0,0.0,0.0,0.0
MODELFILE05_Test_106_30_06_2025_02_47_18,0.9986206896346191,0.0,0.0,0.0,0.0,0.0,0.0
MODELFILE05_Test_107_30_06_2025_02_47_18,0.7089655119797279,0.0,0.0,0.0,0.0,0.0,0.0
MODELFILE05_Test_108_30_06_2025_02_47_18,0.9972413792692382,0.0,0.0,0.0,0.0,0.0,0.0
MODELFILE05_Test_109_30_06_2025_02_47_18,0.9972413792692382,0.0,0.0,0.0,0.0,0.0,0.0
MODELFILE05_Test_110_30_06_2025_02_47_18,0.7089655119797279,0.0,0.0,0.0,0.0,0.0,0.0
MODELFILE05_Test_111_30_06_2025_02_47_18,0.8220689576247643,0.0,0.0,0.0,0.0,0.0,0.0
MODELFILE05_Test_112_30_06_2025_02_47_18,0.9848275858780433,0.0,0.0,0.0,0.0,0.0,0.0
MODELFILE05_Test_113_30_06_2025_02_47_18,0.7089655119797279,0.0,0.0,0.0,0.0,0.0,0.0
MODELFILE05_Test_114_30_06_2025_02_47_18,0.9972413792692382,0.0,0.0,0.0,0.0,0.0,0.0
MODELFILE05_Test_115_30_06_2025_02_47_18,0.8220689576247643,0.0,0.0,0.0,0.0,0.0,0.0
MODELFILE05_Test_116_30_06_2025_02_47_18,0.6965517241379311,0.0,0.0,0.0,0.0,0.0,0.0
MODELFILE05_Test_117_30_06_2025_02_47_18,0.7103448275862069,0.0,0.0,0.0,0.0,0.0,0.0
MODELFILE05_Test_119_30_06_2025_02_47_18,0.9972413792692382,0.0,0.0,0.0,0.0,0.0,0.0
MODELFILE05_Test_120_30_06_2025_02_47_18,0.8841379231420057,0.0,0.0,0.0,0.0,0.0,0.0
MODELFILE05_Test_121_30_06_2025_02_47_18,0.9972413792692382,0.0,0.0,0.0,0.0,0.0,0.0
MODELFILE05_Test_122_30_06_2025_02_47_18,0.9972413792692382,0.0,0.0,0.0,0.0,0.0,0.0
MODELFILE05_Test_123_30_06_2025_02_47_18,0.9972413792692382,0.0,0.0,0.0,0.0,0.0,0.0
MODELFILE05_Test_124_30_06_2025_02_47_18,0.4690259736159752,0.0,0.0,0.0,0.0,0.0,0.0
MODELFILE05_Test_125_30_06_2025_02_47_18,0.7103448275862069,0.0,0.0,0.0,0.0,0.0,0.0
MODELFILE05_Test_126_30_06_2025_02_47_18,0.9972413792692382,0.0,0.0,0.0,0.0,0.0,0.0
MODELFILE05_Test_127_30_06_2025_02_47_18,0.7089655119797279,0.0,0.0,0.0,0.0,0.0,0.0
MODELFILE05_Test_128_30_06_2025_02_47_18,0.9972413792692382,0.0,0.0,0.0,0.0,0.0,0.0
testID,metricValue,rv_start,rv_end,rv_intensity,vel_start,vel_end,vel_intensity
MODELFILE06_Test_001_30_06_2025_06_37_46,0.8220689576247643,0.0,0.0,0.0,0.0,0.0,0.0
MODELFILE06_Test_002_30_06_2025_06_37_46,0.9972413792692382,0.0,0.0,0.0,0.0,0.0,0.0
MODELFILE06_Test_003_30_06_2025_06_37_46,0.8220689576247643,0.0,0.0,0.0,0.0,0.0,0.0
MODELFILE06_Test_004_30_06_2025_06_37_46,0.8206896551724138,0.0,0.0,0.0,0.0,0.0,0.0
MODELFILE06_Test_005_30_06_2025_06_37_46,0.7103448275862069,0.0,0.0,0.0,0.0,0.0,0.0
MODELFILE06_Test_006_30_06_2025_06_37_46,0.8206896551724138,0.0,0.0,0.0,0.0,0.0,0.0
MODELFILE06_Test_007_30_06_2025_06_37_46,0.7089655119797279,0.0,0.0,0.0,0.0,0.0,0.0
MODELFILE06_Test_008_30_06_2025_06_37_46,0.8220689576247643,0.0,0.0,0.0,0.0,0.0,0.0
MODELFILE06_Test_009_30_06_2025_06_37_46,0.8220689576247643,0.0,0.0,0.0,0.0,0.0,0.0
MODELFILE06_Test_010_30_06_2025_06_37_46,0.7089655119797279,0.0,0.0,0.0,0.0,0.0,0.0
MODELFILE06_Test_011_30_06_2025_06_37_46,0.9917241376021813,0.0,0.0,0.0,0.0,0.0,0.0
MODELFILE06_Test_012_30_06_2025_06_37_46,0.7103448275862069,0.0,0.0,0.0,0.0,0.0,0.0
MODELFILE06_Test_013_30_06_2025_06_37_46,0.8220689576247643,0.0,0.0,0.0,0.0,0.0,0.0
MODELFILE06_Test_015_30_06_2025_06_37_46,0.8206896551724138,0.0,0.0,0.0,0.0,0.0,0.0
MODELFILE06_Test_016_30_06_2025_06_37_46,0.7434482706004175,0.0,0.0,0.0,0.0,0.0,0.0
MODELFILE06_Test_017_30_06_2025_06_37_46,0.9351724098468649,0.0,0.0,0.0,0.0,0.0,0.0
MODELFILE06_Test_018_30_06_2025_06_37_46,0.9972413792692382,0.0,0.0,0.0,0.0,0.0,0.0
MODELFILE06_Test_019_30_06_2025_06_37_46,0.9972413792692382,0.0,0.0,0.0,0.0,0.0,0.0
MODELFILE06_Test_020_30_06_2025_06_37_46,0.9972413792692382,0.0,0.0,0.0,0.0,0.0,0.0
MODELFILE06_Test_021_30_06_2025_06_37_46,0.8220689576247643,0.0,0.0,0.0,0.0,0.0,0.0
MODELFILE06_Test_022_30_06_2025_06_37_46,0.7103448275862069,0.0,0.0,0.0,0.0,0.0,0.0
MODELFILE06_Test_023_30_06_2025_06_37_46,0.7531034535375134,0.0,0.0,0.0,0.0,0.0,0.0
MODELFILE06_Test_024_30_06_2025_06_37_46,0.9972413792692382,0.0,0.0,0.0,0.0,0.0,0.0
MODELFILE06_Test_025_30_06_2025_06_37_46,0.7834482784928947,0.0,0.0,0.0,0.0,0.0,0.0
MODELFILE06_Test_027_30_06_2025_06_37_46,0.9972413792692382,0.0,0.0,0.0,0.0,0.0,0.0
MODELFILE06_Test_028_30_06_2025_06_37_46,0.8206896551724138,0.0,0.0,0.0,0.0,0.0,0.0
MODELFILE06_Test_029_30_06_2025_06_37_46,0.9972413792692382,0.0,0.0,0.0,0.0,0.0,0.0
MODELFILE06_Test_030_30_06_2025_06_37_46,0.8206896551724138,0.0,0.0,0.0,0.0,0.0,0.0
MODELFILE06_Test_031_30_06_2025_06_37_46,0.9972413792692382,0.0,0.0,0.0,0.0,0.0,0.0
MODELFILE06_Test_032_30_06_2025_06_37_46,0.9986206896346191,0.0,0.0,0.0,0.0,0.0,0.0
MODELFILE06_Test_033_30_06_2025_07_46_08,0.9986206896346191,0.0,0.0,0.0,0.0,0.0,0.0
MODELFILE06_Test_035_30_06_2025_07_46_08,0.8220689576247643,0.0,0.0,0.0,0.0,0.0,0.0
MODELFILE06_Test_036_30_06_2025_07_46_08,0.9972413792692382,0.0,0.0,0.0,0.0,0.0,0.0
MODELFILE06_Test_037_30_06_2025_07_46_08,0.7089655119797279,0.0,0.0,0.0,0.0,0.0,0.0
MODELFILE06_Test_039_30_06_2025_07_46_08,0.8220689576247643,0.0,0.0,0.0,0.0,0.0,0.0
MODELFILE06_Test_040_30_06_2025_07_46_08,0.9986206896346191,0.0,0.0,0.0,0.0,0.0,0.0
MODELFILE06_Test_041_30_06_2025_07_46_08,0.7213792998215247,0.0,0.0,0.0,0.0,0.0,0.0
MODELFILE06_Test_042_30_06_2025_07_46_08,0.9972413792692382,0.0,0.0,0.0,0.0,0.0,0.0
MODELFILE06_Test_043_30_06_2025_07_46_08,0.32831741859172947,0.0,0.0,0.0,0.0,0.0,0.0
MODELFILE06_Test_044_30_06_2025_07_46_08,0.6979310397444101,0.0,0.0,0.0,0.0,0.0,0.0
MODELFILE06_Test_045_30_06_2025_07_46_08,0.7089655119797279,0.0,0.0,0.0,0.0,0.0,0.0
MODELFILE06_Test_046_30_06_2025_07_46_08,0.7089655119797279,0.0,0.0,0.0,0.0,0.0,0.0
MODELFILE06_Test_047_30_06_2025_07_46_08,0.9972413792692382,0.0,0.0,0.0,0.0,0.0,0.0
MODELFILE06_Test_048_30_06_2025_07_46_08,0.7324137983650997,0.0,0.0,0.0,0.0,0.0,0.0
MODELFILE06_Test_049_30_06_2025_07_46_08,0.9972413792692382,0.0,0.0,0.0,0.0,0.0,0.0
MODELFILE06_Test_050_30_06_2025_07_46_08,0.9972413792692382,0.0,0.0,0.0,0.0,0.0,0.0
MODELFILE06_Test_051_30_06_2025_07_46_08,0.9668965504087251,0.0,0.0,0.0,0.0,0.0,0.0
MODELFILE06_Test_052_30_06_2025_07_46_08,0.9986206896346191,0.0,0.0,0.0,0.0,0.0,0.0
MODELFILE06_Test_053_30_06_2025_07_46_08,0.7103448275862069,0.0,0.0,0.0,0.0,0.0,0.0
MODELFILE06_Test_054_30_06_2025_07_46_08,0.7089655119797279,0.0,0.0,0.0,0.0,0.0,0.0
MODELFILE06_Test_055_30_06_2025_07_46_08,0.565118644977438,0.0,0.0,0.0,0.0,0.0,0.0
MODELFILE06_Test_056_30_06_2025_07_46_08,0.8220689576247643,0.0,0.0,0.0,0.0,0.0,0.0
MODELFILE06_Test_058_30_06_2025_07_46_08,0.7448275862068965,0.0,0.0,0.0,0.0,0.0,0.0
MODELFILE06_Test_060_30_06_2025_07_46_08,0.8206896551724138,0.0,0.0,0.0,0.0,0.0,0.0
MODELFILE06_Test_061_30_06_2025_07_46_08,0.7089655119797279,0.0,0.0,0.0,0.0,0.0,0.0
MODELFILE06_Test_062_30_06_2025_07_46_08,0.8220689576247643,0.0,0.0,0.0,0.0,0.0,0.0
MODELFILE06_Test_063_30_06_2025_07_46_08,0.9972413792692382,0.0,0.0,0.0,0.0,0.0,0.0
MODELFILE06_Test_064_30_06_2025_07_46_08,0.8220689576247643,0.0,0.0,0.0,0.0,0.0,0.0
MODELFILE06_Test_065_30_06_2025_08_51_30,0.7337930876633216,0.0,0.0,0.0,0.0,0.0,0.0
MODELFILE06_Test_067_30_06_2025_08_51_30,0.7089655119797279,0.0,0.0,0.0,0.0,0.0,0.0
MODELFILE06_Test_068_30_06_2025_08_51_30,0.5622503872575431,0.0,0.0,0.0,0.0,0.0,0.0
MODELFILE06_Test_069_30_06_2025_08_51_30,0.7379310344827585,0.0,0.0,0.0,0.0,0.0,0.0
MODELFILE06_Test_070_30_06_2025_08_51_30,0.9986206896346191,0.0,0.0,0.0,0.0,0.0,0.0
MODELFILE06_Test_071_30_06_2025_08_51_30,0.9972413792692382,0.0,0.0,0.0,0.0,0.0,0.0
MODELFILE06_Test_072_30_06_2025_08_51_30,0.7103448275862069,0.0,0.0,0.0,0.0,0.0,0.0
MODELFILE06_Test_073_30_06_2025_08_51_30,0.8220689576247643,0.0,0.0,0.0,0.0,0.0,0.0
MODELFILE06_Test_074_30_06_2025_08_51_30,0.9972413792692382,0.0,0.0,0.0,0.0,0.0,0.0
MODELFILE06_Test_075_30_06_2025_08_51_30,0.7089655119797279,0.0,0.0,0.0,0.0,0.0,0.0
MODELFILE06_Test_076_30_06_2025_08_51_30,0.7089655119797279,0.0,0.0,0.0,0.0,0.0,0.0
MODELFILE06_Test_077_30_06_2025_08_51_30,0.9972413792692382,0.0,0.0,0.0,0.0,0.0,0.0
MODELFILE06_Test_078_30_06_2025_08_51_30,0.7875861990040747,0.0,0.0,0.0,0.0,0.0,0.0
MODELFILE06_Test_079_30_06_2025_08_51_30,0.7475861911115975,0.0,0.0,0.0,0.0,0.0,0.0
MODELFILE06_Test_080_30_06_2025_08_51_30,0.9972413792692382,0.0,0.0,0.0,0.0,0.0,0.0
MODELFILE06_Test_081_30_06_2025_08_51_30,0.7089655119797279,0.0,0.0,0.0,0.0,0.0,0.0
MODELFILE06_Test_082_30_06_2025_08_51_30,0.7103448275862069,0.0,0.0,0.0,0.0,0.0,0.0
MODELFILE06_Test_083_30_06_2025_08_51_30,0.9986206896346191,0.0,0.0,0.0,0.0,0.0,0.0
MODELFILE06_Test_084_30_06_2025_08_51_30,0.8220689576247643,0.0,0.0,0.0,0.0,0.0,0.0
MODELFILE06_Test_085_30_06_2025_08_51_30,0.7103448275862069,0.0,0.0,0.0,0.0,0.0,0.0
MODELFILE06_Test_086_30_06_2025_08_51_30,0.7103448275862069,0.0,0.0,0.0,0.0,0.0,0.0
MODELFILE06_Test_088_30_06_2025_08_51_30,0.7103448275862069,0.0,0.0,0.0,0.0,0.0,0.0
MODELFILE06_Test_089_30_06_2025_08_51_30,0.9972413792692382,0.0,0.0,0.0,0.0,0.0,0.0
MODELFILE06_Test_090_30_06_2025_08_51_30,0.9986206896346191,0.0,0.0,0.0,0.0,0.0,0.0
MODELFILE06_Test_091_30_06_2025_08_51_30,0.7779310292211072,0.0,0.0,0.0,0.0,0.0,0.0
MODELFILE06_Test_092_30_06_2025_08_51_30,0.7710344774969693,0.0,0.0,0.0,0.0,0.0,0.0
MODELFILE06_Test_093_30_06_2025_08_51_30,0.9972413792692382,0.0,0.0,0.0,0.0,0.0,0.0
MODELFILE06_Test_094_30_06_2025_08_51_30,0.7103448275862069,0.0,0.0,0.0,0.0,0.0,0.0
MODELFILE06_Test_095_30_06_2025_08_51_30,0.7089655119797279,0.0,0.0,0.0,0.0,0.0,0.0
MODELFILE06_Test_096_30_06_2025_08_51_30,0.8206896551724138,0.0,0.0,0.0,0.0,0.0,0.0
MODELFILE06_Test_097_30_06_2025_09_57_13,0.7089655119797279,0.0,0.0,0.0,0.0,0.0,0.0
MODELFILE06_Test_098_30_06_2025_09_57_13,0.9986206896346191,0.0,0.0,0.0,0.0,0.0,0.0
MODELFILE06_Test_099_30_06_2025_09_57_13,0.7089655119797279,0.0,0.0,0.0,0.0,0.0,0.0
MODELFILE06_Test_100_30_06_2025_09_57_13,0.7089655119797279,0.0,0.0,0.0,0.0,0.0,0.0
MODELFILE06_Test_101_30_06_2025_09_57_13,0.9972413792692382,0.0,0.0,0.0,0.0,0.0,0.0
MODELFILE06_Test_102_30_06_2025_09_57_13,0.9986206896346191,0.0,0.0,0.0,0.0,0.0,0.0
MODELFILE06_Test_103_30_06_2025_09_57_13,0.7462069018133755,0.0,0.0,0.0,0.0,0.0,0.0
MODELFILE06_Test_104_30_06_2025_09_57_13,0.7089655119797279,0.0,0.0,0.0,0.0,0.0,0.0
MODELFILE06_Test_105_30_06_2025_09_57_13,0.711724143192686,0.0,0.0,0.0,0.0,0.0,0.0
MODELFILE06_Test_106_30_06_2025_09_57_13,0.7475861911115975,0.0,0.0,0.0,0.0,0.0,0.0
MODELFILE06_Test_107_30_06_2025_09_57_13,0.6979310397444101,0.0,0.0,0.0,0.0,0.0,0.0
MODELFILE06_Test_111_30_06_2025_09_57_13,0.9972413792692382,0.0,0.0,0.0,0.0,0.0,0.0
MODELFILE06_Test_112_30_06_2025_09_57_13,0.9972413792692382,0.0,0.0,0.0,0.0,0.0,0.0
MODELFILE06_Test_113_30_06_2025_09_57_13,0.9986206896346191,0.0,0.0,0.0,0.0,0.0,0.0
MODELFILE06_Test_114_30_06_2025_09_57_13,0.9972413792692382,0.0,0.0,0.0,0.0,0.0,0.0
MODELFILE06_Test_116_30_06_2025_09_57_13,0.8013793024523505,0.0,0.0,0.0,0.0,0.0,0.0
MODELFILE06_Test_117_30_06_2025_09_57_13,0.9972413792692382,0.0,0.0,0.0,0.0,0.0,0.0
MODELFILE06_Test_118_30_06_2025_09_57_13,0.7089655119797279,0.0,0.0,0.0,0.0,0.0,0.0
MODELFILE06_Test_119_30_06_2025_09_57_13,0.9972413792692382,0.0,0.0,0.0,0.0,0.0,0.0
MODELFILE06_Test_120_30_06_2025_09_57_13,0.9986206896346191,0.0,0.0,0.0,0.0,0.0,0.0
MODELFILE06_Test_121_30_06_2025_09_57_13,0.9972413792692382,0.0,0.0,0.0,0.0,0.0,0.0
MODELFILE06_Test_122_30_06_2025_09_57_13,0.8206896551724138,0.0,0.0,0.0,0.0,0.0,0.0
MODELFILE06_Test_123_30_06_2025_09_57_13,0.9972413792692382,0.0,0.0,0.0,0.0,0.0,0.0
MODELFILE06_Test_124_30_06_2025_09_57_13,0.7103448275862069,0.0,0.0,0.0,0.0,0.0,0.0
MODELFILE06_Test_125_30_06_2025_09_57_13,0.8220689576247643,0.0,0.0,0.0,0.0,0.0,0.0
MODELFILE06_Test_126_30_06_2025_09_57_13,0.9972413792692382,0.0,0.0,0.0,0.0,0.0,0.0
MODELFILE06_Test_127_30_06_2025_09_57_13,0.9972413792692382,0.0,0.0,0.0,0.0,0.0,0.0
testID,metricValue,rv_start,rv_end,rv_intensity,vel_start,vel_end,vel_intensity
MODELFILE07_Test_001_30_06_2025_11_09_08,0.7103448275862069,0.0,0.0,0.0,0.0,0.0,0.0
MODELFILE07_Test_002_30_06_2025_11_09_08,0.9986206896346191,0.0,0.0,0.0,0.0,0.0,0.0
MODELFILE07_Test_003_30_06_2025_11_09_08,0.9972413792692382,0.0,0.0,0.0,0.0,0.0,0.0
MODELFILE07_Test_004_30_06_2025_11_09_08,0.9710344807855014,0.0,0.0,0.0,0.0,0.0,0.0
MODELFILE07_Test_005_30_06_2025_11_09_08,0.9986206896346191,0.0,0.0,0.0,0.0,0.0,0.0
MODELFILE07_Test_006_30_06_2025_11_09_08,0.8206896551724138,0.0,0.0,0.0,0.0,0.0,0.0
MODELFILE07_Test_007_30_06_2025_11_09_08,0.7089655119797279,0.0,0.0,0.0,0.0,0.0,0.0
MODELFILE07_Test_008_30_06_2025_11_09_08,0.9972413792692382,0.0,0.0,0.0,0.0,0.0,0.0
MODELFILE07_Test_009_30_06_2025_11_09_08,0.9972413792692382,0.0,0.0,0.0,0.0,0.0,0.0
MODELFILE07_Test_011_30_06_2025_11_09_08,0.9972413792692382,0.0,0.0,0.0,0.0,0.0,0.0
MODELFILE07_Test_012_30_06_2025_11_09_08,0.5565138718177532,0.0,0.0,0.0,0.0,0.0,0.0
MODELFILE07_Test_013_30_06_2025_11_09_08,0.7089655119797279,0.0,0.0,0.0,0.0,0.0,0.0
MODELFILE07_Test_014_30_06_2025_11_09_08,0.8220689576247643,0.0,0.0,0.0,0.0,0.0,0.0
MODELFILE07_Test_015_30_06_2025_11_09_08,0.980689655501267,0.0,0.0,0.0,0.0,0.0,0.0
MODELFILE07_Test_016_30_06_2025_11_09_08,0.7103448275862069,0.0,0.0,0.0,0.0,0.0,0.0
MODELFILE07_Test_017_30_06_2025_11_09_08,0.9972413792692382,0.0,0.0,0.0,0.0,0.0,0.0
MODELFILE07_Test_018_30_06_2025_11_09_08,0.9972413792692382,0.0,0.0,0.0,0.0,0.0,0.0
MODELFILE07_Test_019_30_06_2025_11_09_08,0.9972413792692382,0.0,0.0,0.0,0.0,0.0,0.0
MODELFILE07_Test_020_30_06_2025_11_09_08,0.8206896551724138,0.0,0.0,0.0,0.0,0.0,0.0
MODELFILE07_Test_021_30_06_2025_11_09_08,0.7103448275862069,0.0,0.0,0.0,0.0,0.0,0.0
MODELFILE07_Test_023_30_06_2025_11_09_08,0.9986206896346191,0.0,0.0,0.0,0.0,0.0,0.0
MODELFILE07_Test_024_30_06_2025_11_09_08,0.9972413792692382,0.0,0.0,0.0,0.0,0.0,0.0
MODELFILE07_Test_025_30_06_2025_11_09_08,0.9972413792692382,0.0,0.0,0.0,0.0,0.0,0.0
MODELFILE07_Test_026_30_06_2025_11_09_08,0.9972413792692382,0.0,0.0,0.0,0.0,0.0,0.0
MODELFILE07_Test_027_30_06_2025_11_09_08,0.6841379362961342,0.0,0.0,0.0,0.0,0.0,0.0
MODELFILE07_Test_028_30_06_2025_11_09_08,0.9972413792692382,0.0,0.0,0.0,0.0,0.0,0.0
MODELFILE07_Test_029_30_06_2025_11_09_08,0.7089655119797279,0.0,0.0,0.0,0.0,0.0,0.0
MODELFILE07_Test_030_30_06_2025_11_09_08,0.9972413792692382,0.0,0.0,0.0,0.0,0.0,0.0
MODELFILE07_Test_031_30_06_2025_11_09_08,0.8206896551724138,0.0,0.0,0.0,0.0,0.0,0.0
MODELFILE07_Test_032_30_06_2025_11_09_08,0.9972413792692382,0.0,0.0,0.0,0.0,0.0,0.0
MODELFILE07_Test_033_30_06_2025_12_17_40,0.9972413792692382,0.0,0.0,0.0,0.0,0.0,0.0
MODELFILE07_Test_034_30_06_2025_12_17_40,0.7089655119797279,0.0,0.0,0.0,0.0,0.0,0.0
MODELFILE07_Test_035_30_06_2025_12_17_40,0.9972413792692382,0.0,0.0,0.0,0.0,0.0,0.0
MODELFILE07_Test_036_30_06_2025_12_17_40,0.9972413792692382,0.0,0.0,0.0,0.0,0.0,0.0
MODELFILE07_Test_037_30_06_2025_12_17_40,0.8220689576247643,0.0,0.0,0.0,0.0,0.0,0.0
MODELFILE07_Test_038_30_06_2025_12_17_40,0.7089655119797279,0.0,0.0,0.0,0.0,0.0,0.0
MODELFILE07_Test_039_30_06_2025_12_17_40,0.9972413792692382,0.0,0.0,0.0,0.0,0.0,0.0
MODELFILE07_Test_041_30_06_2025_12_17_40,0.711724143192686,0.0,0.0,0.0,0.0,0.0,0.0
MODELFILE07_Test_042_30_06_2025_12_17_40,0.9972413792692382,0.0,0.0,0.0,0.0,0.0,0.0
MODELFILE07_Test_043_30_06_2025_12_17_40,0.7089655119797279,0.0,0.0,0.0,0.0,0.0,0.0
MODELFILE07_Test_044_30_06_2025_12_17_40,0.9972413792692382,0.0,0.0,0.0,0.0,0.0,0.0
MODELFILE07_Test_045_30_06_2025_12_17_40,0.9972413792692382,0.0,0.0,0.0,0.0,0.0,0.0
MODELFILE07_Test_046_30_06_2025_12_17_40,0.7089655119797279,0.0,0.0,0.0,0.0,0.0,0.0
MODELFILE07_Test_047_30_06_2025_12_17_40,0.9986206896346191,0.0,0.0,0.0,0.0,0.0,0.0
MODELFILE07_Test_048_30_06_2025_12_17_40,0.7089655119797279,0.0,0.0,0.0,0.0,0.0,0.0
MODELFILE07_Test_049_30_06_2025_12_17_40,0.9972413792692382,0.0,0.0,0.0,0.0,0.0,0.0
MODELFILE07_Test_050_30_06_2025_12_17_40,0.7144827480973869,0.0,0.0,0.0,0.0,0.0,0.0
MODELFILE07_Test_051_30_06_2025_12_17_40,0.9986206896346191,0.0,0.0,0.0,0.0,0.0,0.0
MODELFILE07_Test_052_30_06_2025_12_17_40,0.9972413792692382,0.0,0.0,0.0,0.0,0.0,0.0
MODELFILE07_Test_053_30_06_2025_12_17_40,0.9972413792692382,0.0,0.0,0.0,0.0,0.0,0.0
MODELFILE07_Test_054_30_06_2025_12_17_40,0.7089655119797279,0.0,0.0,0.0,0.0,0.0,0.0
MODELFILE07_Test_056_30_06_2025_12_17_40,0.9779310341539054,0.0,0.0,0.0,0.0,0.0,0.0
MODELFILE07_Test_058_30_06_2025_12_17_40,0.973793103777129,0.0,0.0,0.0,0.0,0.0,0.0
MODELFILE07_Test_060_30_06_2025_12_17_40,0.9972413792692382,0.0,0.0,0.0,0.0,0.0,0.0
MODELFILE07_Test_061_30_06_2025_12_17_40,0.9986206896346191,0.0,0.0,0.0,0.0,0.0,0.0
MODELFILE07_Test_062_30_06_2025_12_17_40,0.9972413792692382,0.0,0.0,0.0,0.0,0.0,0.0
MODELFILE07_Test_063_30_06_2025_12_17_40,0.9972413792692382,0.0,0.0,0.0,0.0,0.0,0.0
MODELFILE07_Test_064_30_06_2025_12_17_40,0.7089655119797279,0.0,0.0,0.0,0.0,0.0,0.0
MODELFILE07_Test_068_30_06_2025_13_24_22,0.8206896551724138,0.0,0.0,0.0,0.0,0.0,0.0
MODELFILE07_Test_069_30_06_2025_13_24_22,0.9986206896346191,0.0,0.0,0.0,0.0,0.0,0.0
MODELFILE07_Test_070_30_06_2025_13_24_22,0.7089655119797279,0.0,0.0,0.0,0.0,0.0,0.0
MODELFILE07_Test_071_30_06_2025_13_24_22,0.9972413792692382,0.0,0.0,0.0,0.0,0.0,0.0
MODELFILE07_Test_072_30_06_2025_13_24_22,0.9972413792692382,0.0,0.0,0.0,0.0,0.0,0.0
MODELFILE07_Test_073_30_06_2025_13_24_22,0.9903448277506335,0.0,0.0,0.0,0.0,0.0,0.0
MODELFILE07_Test_074_30_06_2025_13_24_22,0.7089655119797279,0.0,0.0,0.0,0.0,0.0,0.0
MODELFILE07_Test_075_30_06_2025_13_24_23,0.8220689576247643,0.0,0.0,0.0,0.0,0.0,0.0
MODELFILE07_Test_077_30_06_2025_13_24_23,0.9972413792692382,0.0,0.0,0.0,0.0,0.0,0.0
MODELFILE07_Test_078_30_06_2025_13_24_23,0.9972413792692382,0.0,0.0,0.0,0.0,0.0,0.0
MODELFILE07_Test_079_30_06_2025_13_24_23,0.9972413792692382,0.0,0.0,0.0,0.0,0.0,0.0
MODELFILE07_Test_080_30_06_2025_13_24_23,0.9972413792692382,0.0,0.0,0.0,0.0,0.0,0.0
MODELFILE07_Test_081_30_06_2025_13_24_23,0.9972413792692382,0.0,0.0,0.0,0.0,0.0,0.0
MODELFILE07_Test_082_30_06_2025_13_24_23,0.8220689576247643,0.0,0.0,0.0,0.0,0.0,0.0
MODELFILE07_Test_083_30_06_2025_13_24_23,0.9972413792692382,0.0,0.0,0.0,0.0,0.0,0.0
MODELFILE07_Test_084_30_06_2025_13_24_23,0.7089655119797279,0.0,0.0,0.0,0.0,0.0,0.0
MODELFILE07_Test_086_30_06_2025_13_24_23,0.8206896551724138,0.0,0.0,0.0,0.0,0.0,0.0
MODELFILE07_Test_088_30_06_2025_13_24_23,0.9972413792692382,0.0,0.0,0.0,0.0,0.0,0.0
MODELFILE07_Test_089_30_06_2025_13_24_23,0.9351724098468649,0.0,0.0,0.0,0.0,0.0,0.0
MODELFILE07_Test_090_30_06_2025_13_24_23,0.9972413792692382,0.0,0.0,0.0,0.0,0.0,0.0
MODELFILE07_Test_091_30_06_2025_13_24_23,0.8220689576247643,0.0,0.0,0.0,0.0,0.0,0.0
MODELFILE07_Test_092_30_06_2025_13_24_23,0.9972413792692382,0.0,0.0,0.0,0.0,0.0,0.0
MODELFILE07_Test_093_30_06_2025_13_24_23,0.9972413792692382,0.0,0.0,0.0,0.0,0.0,0.0
MODELFILE07_Test_094_30_06_2025_13_24_23,0.8220689576247643,0.0,0.0,0.0,0.0,0.0,0.0
MODELFILE07_Test_095_30_06_2025_13_24_23,0.9972413792692382,0.0,0.0,0.0,0.0,0.0,0.0
MODELFILE07_Test_096_30_06_2025_13_24_23,0.9972413792692382,0.0,0.0,0.0,0.0,0.0,0.0
MODELFILE07_Test_097_30_06_2025_14_26_46,0.8206896551724138,0.0,0.0,0.0,0.0,0.0,0.0
MODELFILE07_Test_098_30_06_2025_14_26_46,0.8206896551724138,0.0,0.0,0.0,0.0,0.0,0.0
MODELFILE07_Test_099_30_06_2025_14_26_46,0.9972413792692382,0.0,0.0,0.0,0.0,0.0,0.0
MODELFILE07_Test_100_30_06_2025_14_26_46,0.9972413792692382,0.0,0.0,0.0,0.0,0.0,0.0
MODELFILE07_Test_101_30_06_2025_14_26_46,0.973793103777129,0.0,0.0,0.0,0.0,0.0,0.0
MODELFILE07_Test_102_30_06_2025_14_26_46,0.9531034469604492,0.0,0.0,0.0,0.0,0.0,0.0
MODELFILE07_Test_103_30_06_2025_14_26_46,0.9972413792692382,0.0,0.0,0.0,0.0,0.0,0.0
MODELFILE07_Test_105_30_06_2025_14_26_46,0.8220689576247643,0.0,0.0,0.0,0.0,0.0,0.0
MODELFILE07_Test_106_30_06_2025_14_26_46,0.973793103777129,0.0,0.0,0.0,0.0,0.0,0.0
MODELFILE07_Test_107_30_06_2025_14_26_46,0.7103448275862069,0.0,0.0,0.0,0.0,0.0,0.0
MODELFILE07_Test_108_30_06_2025_14_26_46,0.9972413792692382,0.0,0.0,0.0,0.0,0.0,0.0
MODELFILE07_Test_109_30_06_2025_14_26_46,0.9972413792692382,0.0,0.0,0.0,0.0,0.0,0.0
MODELFILE07_Test_110_30_06_2025_14_26_46,0.9972413792692382,0.0,0.0,0.0,0.0,0.0,0.0
MODELFILE07_Test_111_30_06_2025_14_26_46,0.7158620637038658,0.0,0.0,0.0,0.0,0.0,0.0
MODELFILE07_Test_112_30_06_2025_14_26_46,0.9972413792692382,0.0,0.0,0.0,0.0,0.0,0.0
MODELFILE07_Test_113_30_06_2025_14_26_46,0.9986206896346191,0.0,0.0,0.0,0.0,0.0,0.0
MODELFILE07_Test_114_30_06_2025_14_26_46,0.9972413792692382,0.0,0.0,0.0,0.0,0.0,0.0
MODELFILE07_Test_115_30_06_2025_14_26_46,0.8206896551724138,0.0,0.0,0.0,0.0,0.0,0.0
MODELFILE07_Test_116_30_06_2025_14_26_46,0.9917241376021813,0.0,0.0,0.0,0.0,0.0,0.0
MODELFILE07_Test_117_30_06_2025_14_26_46,0.9986206896346191,0.0,0.0,0.0,0.0,0.0,0.0
MODELFILE07_Test_118_30_06_2025_14_26_46,0.6565517293995824,0.0,0.0,0.0,0.0,0.0,0.0
MODELFILE07_Test_121_30_06_2025_14_26_46,0.8206896551724138,0.0,0.0,0.0,0.0,0.0,0.0
MODELFILE07_Test_122_30_06_2025_14_26_46,0.7089655119797279,0.0,0.0,0.0,0.0,0.0,0.0
MODELFILE07_Test_123_30_06_2025_14_26_46,0.8910344814432078,0.0,0.0,0.0,0.0,0.0,0.0
MODELFILE07_Test_125_30_06_2025_14_26_46,0.8744827533590382,0.0,0.0,0.0,0.0,0.0,0.0
MODELFILE07_Test_126_30_06_2025_14_26_46,0.7103448275862069,0.0,0.0,0.0,0.0,0.0,0.0
MODELFILE07_Test_127_30_06_2025_14_26_46,0.9972413792692382,0.0,0.0,0.0,0.0,0.0,0.0
MODELFILE07_Test_128_30_06_2025_14_26_46,0.9972413792692382,0.0,0.0,0.0,0.0,0.0,0.0
testID,metricValue,rv_start,rv_end,rv_intensity,vel_start,vel_end,vel_intensity
MODELFILE08_Test_001_30_06_2025_16_18_58,0.9972413792692382,0.0,0.0,0.0,0.0,0.0,0.0
MODELFILE08_Test_002_30_06_2025_16_18_58,0.9972413792692382,0.0,0.0,0.0,0.0,0.0,0.0
MODELFILE08_Test_003_30_06_2025_16_18_58,0.9972413792692382,0.0,0.0,0.0,0.0,0.0,0.0
MODELFILE08_Test_004_30_06_2025_16_18_58,0.8220689576247643,0.0,0.0,0.0,0.0,0.0,0.0
MODELFILE08_Test_005_30_06_2025_16_18_58,0.7089655119797279,0.0,0.0,0.0,0.0,0.0,0.0
MODELFILE08_Test_007_30_06_2025_16_18_58,0.9972413792692382,0.0,0.0,0.0,0.0,0.0,0.0
MODELFILE08_Test_008_30_06_2025_16_18_58,0.9972413792692382,0.0,0.0,0.0,0.0,0.0,0.0
MODELFILE08_Test_009_30_06_2025_16_18_58,0.7089655119797279,0.0,0.0,0.0,0.0,0.0,0.0
MODELFILE08_Test_010_30_06_2025_16_18_58,0.9972413792692382,0.0,0.0,0.0,0.0,0.0,0.0
MODELFILE08_Test_011_30_06_2025_16_18_58,0.7089655119797279,0.0,0.0,0.0,0.0,0.0,0.0
MODELFILE08_Test_012_30_06_2025_16_18_58,0.9986206896346191,0.0,0.0,0.0,0.0,0.0,0.0
MODELFILE08_Test_013_30_06_2025_16_18_58,0.7103448275862069,0.0,0.0,0.0,0.0,0.0,0.0
MODELFILE08_Test_014_30_06_2025_16_18_58,0.9972413792692382,0.0,0.0,0.0,0.0,0.0,0.0
MODELFILE08_Test_015_30_06_2025_16_18_58,0.9503448256130876,0.0,0.0,0.0,0.0,0.0,0.0
MODELFILE08_Test_016_30_06_2025_16_18_58,0.9986206896346191,0.0,0.0,0.0,0.0,0.0,0.0
MODELFILE08_Test_017_30_06_2025_16_18_58,0.7089655119797279,0.0,0.0,0.0,0.0,0.0,0.0
MODELFILE08_Test_019_30_06_2025_16_18_58,0.9972413792692382,0.0,0.0,0.0,0.0,0.0,0.0
MODELFILE08_Test_020_30_06_2025_16_18_58,0.9972413792692382,0.0,0.0,0.0,0.0,0.0,0.0
MODELFILE08_Test_021_30_06_2025_16_18_58,0.9972413792692382,0.0,0.0,0.0,0.0,0.0,0.0
MODELFILE08_Test_022_30_06_2025_16_18_58,0.7103448275862069,0.0,0.0,0.0,0.0,0.0,0.0
MODELFILE08_Test_024_30_06_2025_16_18_58,0.9420689615710028,0.0,0.0,0.0,0.0,0.0,0.0
MODELFILE08_Test_025_30_06_2025_16_18_58,0.523528316103179,0.0,0.0,0.0,0.0,0.0,0.0
MODELFILE08_Test_026_30_06_2025_16_18_58,0.7172413793103448,0.0,0.0,0.0,0.0,0.0,0.0
MODELFILE08_Test_027_30_06_2025_16_18_58,0.7089655119797279,0.0,0.0,0.0,0.0,0.0,0.0
MODELFILE08_Test_028_30_06_2025_16_18_58,0.8220689576247643,0.0,0.0,0.0,0.0,0.0,0.0
MODELFILE08_Test_029_30_06_2025_16_18_58,0.8206896551724138,0.0,0.0,0.0,0.0,0.0,0.0
MODELFILE08_Test_030_30_06_2025_16_18_58,0.9972413792692382,0.0,0.0,0.0,0.0,0.0,0.0
MODELFILE08_Test_031_30_06_2025_16_18_58,0.7089655119797279,0.0,0.0,0.0,0.0,0.0,0.0
MODELFILE08_Test_032_30_06_2025_16_18_58,0.9972413792692382,0.0,0.0,0.0,0.0,0.0,0.0
MODELFILE08_Test_033_30_06_2025_17_23_10,0.8206896551724138,0.0,0.0,0.0,0.0,0.0,0.0
MODELFILE08_Test_034_30_06_2025_17_23_10,0.9972413792692382,0.0,0.0,0.0,0.0,0.0,0.0
MODELFILE08_Test_035_30_06_2025_17_23_10,0.9972413792692382,0.0,0.0,0.0,0.0,0.0,0.0
MODELFILE08_Test_036_30_06_2025_17_23_10,0.7103448275862069,0.0,0.0,0.0,0.0,0.0,0.0
MODELFILE08_Test_037_30_06_2025_17_23_10,0.9972413792692382,0.0,0.0,0.0,0.0,0.0,0.0
MODELFILE08_Test_038_30_06_2025_17_23_10,0.9972413792692382,0.0,0.0,0.0,0.0,0.0,0.0
MODELFILE08_Test_039_30_06_2025_17_23_10,0.8206896551724138,0.0,0.0,0.0,0.0,0.0,0.0
MODELFILE08_Test_040_30_06_2025_17_23_10,0.9972413792692382,0.0,0.0,0.0,0.0,0.0,0.0
MODELFILE08_Test_041_30_06_2025_17_23_10,0.9972413792692382,0.0,0.0,0.0,0.0,0.0,0.0
MODELFILE08_Test_042_30_06_2025_17_23_10,0.8206896551724138,0.0,0.0,0.0,0.0,0.0,0.0
MODELFILE08_Test_045_30_06_2025_17_23_10,0.9517241379310345,0.0,0.0,0.0,0.0,0.0,0.0
MODELFILE08_Test_046_30_06_2025_17_23_10,0.7089655119797279,0.0,0.0,0.0,0.0,0.0,0.0
MODELFILE08_Test_048_30_06_2025_17_23_10,0.9972413792692382,0.0,0.0,0.0,0.0,0.0,0.0
MODELFILE08_Test_049_30_06_2025_17_23_10,0.9972413792692382,0.0,0.0,0.0,0.0,0.0,0.0
MODELFILE08_Test_051_30_06_2025_17_23_10,0.9972413792692382,0.0,0.0,0.0,0.0,0.0,0.0
MODELFILE08_Test_052_30_06_2025_17_23_10,0.7089655119797279,0.0,0.0,0.0,0.0,0.0,0.0
MODELFILE08_Test_053_30_06_2025_17_23_10,0.9972413792692382,0.0,0.0,0.0,0.0,0.0,0.0
MODELFILE08_Test_054_30_06_2025_17_23_10,0.7089655119797279,0.0,0.0,0.0,0.0,0.0,0.0
MODELFILE08_Test_055_30_06_2025_17_23_10,0.9972413792692382,0.0,0.0,0.0,0.0,0.0,0.0
MODELFILE08_Test_056_30_06_2025_17_23_10,0.7089655119797279,0.0,0.0,0.0,0.0,0.0,0.0
MODELFILE08_Test_057_30_06_2025_17_23_10,0.7103448275862069,0.0,0.0,0.0,0.0,0.0,0.0
MODELFILE08_Test_058_30_06_2025_17_23_10,0.9972413792692382,0.0,0.0,0.0,0.0,0.0,0.0
MODELFILE08_Test_059_30_06_2025_17_23_10,0.9972413792692382,0.0,0.0,0.0,0.0,0.0,0.0
MODELFILE08_Test_060_30_06_2025_17_23_10,0.9972413792692382,0.0,0.0,0.0,0.0,0.0,0.0
MODELFILE08_Test_061_30_06_2025_17_23_10,0.9972413792692382,0.0,0.0,0.0,0.0,0.0,0.0
MODELFILE08_Test_062_30_06_2025_17_23_10,0.9972413792692382,0.0,0.0,0.0,0.0,0.0,0.0
MODELFILE08_Test_063_30_06_2025_17_23_10,0.9199999973691743,0.0,0.0,0.0,0.0,0.0,0.0
MODELFILE08_Test_064_30_06_2025_17_23_10,0.9972413792692382,0.0,0.0,0.0,0.0,0.0,0.0
MODELFILE08_Test_066_30_06_2025_18_28_23,0.7089655119797279,0.0,0.0,0.0,0.0,0.0,0.0
MODELFILE08_Test_067_30_06_2025_18_28_23,0.8206896551724138,0.0,0.0,0.0,0.0,0.0,0.0
MODELFILE08_Test_068_30_06_2025_18_28_23,0.9986206896346191,0.0,0.0,0.0,0.0,0.0,0.0
MODELFILE08_Test_069_30_06_2025_18_28_23,0.9972413792692382,0.0,0.0,0.0,0.0,0.0,0.0
MODELFILE08_Test_070_30_06_2025_18_28_23,0.9972413792692382,0.0,0.0,0.0,0.0,0.0,0.0
MODELFILE08_Test_071_30_06_2025_18_28_23,0.9972413792692382,0.0,0.0,0.0,0.0,0.0,0.0
MODELFILE08_Test_072_30_06_2025_18_28_23,0.9972413792692382,0.0,0.0,0.0,0.0,0.0,0.0
MODELFILE08_Test_073_30_06_2025_18_28_23,0.9972413792692382,0.0,0.0,0.0,0.0,0.0,0.0
MODELFILE08_Test_074_30_06_2025_18_28_23,0.7158620637038658,0.0,0.0,0.0,0.0,0.0,0.0
MODELFILE08_Test_077_30_06_2025_18_28_23,0.8220689576247643,0.0,0.0,0.0,0.0,0.0,0.0
MODELFILE08_Test_078_30_06_2025_18_28_23,0.9986206896346191,0.0,0.0,0.0,0.0,0.0,0.0
MODELFILE08_Test_079_30_06_2025_18_28_23,0.9972413792692382,0.0,0.0,0.0,0.0,0.0,0.0
MODELFILE08_Test_080_30_06_2025_18_28_23,0.9972413792692382,0.0,0.0,0.0,0.0,0.0,0.0
MODELFILE08_Test_081_30_06_2025_18_28_23,0.9972413792692382,0.0,0.0,0.0,0.0,0.0,0.0
MODELFILE08_Test_083_30_06_2025_18_28_23,0.9986206896346191,0.0,0.0,0.0,0.0,0.0,0.0
MODELFILE08_Test_084_30_06_2025_18_28_23,0.9972413792692382,0.0,0.0,0.0,0.0,0.0,0.0
MODELFILE08_Test_085_30_06_2025_18_28_23,0.8220689576247643,0.0,0.0,0.0,0.0,0.0,0.0
MODELFILE08_Test_086_30_06_2025_18_28_23,0.8206896551724138,0.0,0.0,0.0,0.0,0.0,0.0
MODELFILE08_Test_087_30_06_2025_18_28_23,0.9972413792692382,0.0,0.0,0.0,0.0,0.0,0.0
MODELFILE08_Test_088_30_06_2025_18_28_23,0.9972413792692382,0.0,0.0,0.0,0.0,0.0,0.0
MODELFILE08_Test_089_30_06_2025_18_28_23,0.9972413792692382,0.0,0.0,0.0,0.0,0.0,0.0
MODELFILE08_Test_090_30_06_2025_18_28_23,0.711724143192686,0.0,0.0,0.0,0.0,0.0,0.0
MODELFILE08_Test_091_30_06_2025_18_28_23,0.7103448275862069,0.0,0.0,0.0,0.0,0.0,0.0
MODELFILE08_Test_092_30_06_2025_18_28_23,0.7089655119797279,0.0,0.0,0.0,0.0,0.0,0.0
MODELFILE08_Test_093_30_06_2025_18_28_23,0.9986206896346191,0.0,0.0,0.0,0.0,0.0,0.0
MODELFILE08_Test_094_30_06_2025_18_28_23,0.8234482732312433,0.0,0.0,0.0,0.0,0.0,0.0
MODELFILE08_Test_095_30_06_2025_18_28_23,0.9986206896346191,0.0,0.0,0.0,0.0,0.0,0.0
MODELFILE08_Test_096_30_06_2025_18_28_23,0.9972413792692382,0.0,0.0,0.0,0.0,0.0,0.0
MODELFILE08_Test_097_30_06_2025_19_32_06,0.9296551737292059,0.0,0.0,0.0,0.0,0.0,0.0
MODELFILE08_Test_098_30_06_2025_19_32_06,0.8827586206896552,0.0,0.0,0.0,0.0,0.0,0.0
MODELFILE08_Test_099_30_06_2025_19_32_06,0.9972413792692382,0.0,0.0,0.0,0.0,0.0,0.0
MODELFILE08_Test_100_30_06_2025_19_32_06,0.7089655119797279,0.0,0.0,0.0,0.0,0.0,0.0
MODELFILE08_Test_101_30_06_2025_19_32_06,0.7089655119797279,0.0,0.0,0.0,0.0,0.0,0.0
MODELFILE08_Test_103_30_06_2025_19_32_06,0.7682758462840114,0.0,0.0,0.0,0.0,0.0,0.0
MODELFILE08_Test_104_30_06_2025_19_32_06,0.8206896551724138,0.0,0.0,0.0,0.0,0.0,0.0
MODELFILE08_Test_105_30_06_2025_19_32_06,0.7406896393874596,0.0,0.0,0.0,0.0,0.0,0.0
MODELFILE08_Test_106_30_06_2025_19_32_06,0.7089655119797279,0.0,0.0,0.0,0.0,0.0,0.0
MODELFILE08_Test_107_30_06_2025_19_32_06,0.8220689576247643,0.0,0.0,0.0,0.0,0.0,0.0
MODELFILE08_Test_108_30_06_2025_19_32_06,0.7379310344827585,0.0,0.0,0.0,0.0,0.0,0.0
MODELFILE08_Test_110_30_06_2025_19_32_06,0.9986206896346191,0.0,0.0,0.0,0.0,0.0,0.0
MODELFILE08_Test_111_30_06_2025_19_32_06,0.8220689576247643,0.0,0.0,0.0,0.0,0.0,0.0
MODELFILE08_Test_112_30_06_2025_19_32_06,0.9972413792692382,0.0,0.0,0.0,0.0,0.0,0.0
MODELFILE08_Test_113_30_06_2025_19_32_06,0.711724143192686,0.0,0.0,0.0,0.0,0.0,0.0
MODELFILE08_Test_114_30_06_2025_19_32_06,0.7089655119797279,0.0,0.0,0.0,0.0,0.0,0.0
MODELFILE08_Test_115_30_06_2025_19_32_06,0.8206896551724138,0.0,0.0,0.0,0.0,0.0,0.0
MODELFILE08_Test_116_30_06_2025_19_32_06,0.7986206843935211,0.0,0.0,0.0,0.0,0.0,0.0
MODELFILE08_Test_117_30_06_2025_19_32_06,0.9986206896346191,0.0,0.0,0.0,0.0,0.0,0.0
MODELFILE08_Test_118_30_06_2025_19_32_06,0.7103448275862069,0.0,0.0,0.0,0.0,0.0,0.0
MODELFILE08_Test_119_30_06_2025_19_32_06,0.7089655119797279,0.0,0.0,0.0,0.0,0.0,0.0
MODELFILE08_Test_120_30_06_2025_19_32_06,0.8220689576247643,0.0,0.0,0.0,0.0,0.0,0.0
MODELFILE08_Test_121_30_06_2025_19_32_06,0.9986206896346191,0.0,0.0,0.0,0.0,0.0,0.0
MODELFILE08_Test_122_30_06_2025_19_32_06,0.9972413792692382,0.0,0.0,0.0,0.0,0.0,0.0
MODELFILE08_Test_123_30_06_2025_19_32_06,0.8206896551724138,0.0,0.0,0.0,0.0,0.0,0.0
MODELFILE08_Test_124_30_06_2025_19_32_06,0.9972413792692382,0.0,0.0,0.0,0.0,0.0,0.0
MODELFILE08_Test_126_30_06_2025_19_32_06,0.7103448275862069,0.0,0.0,0.0,0.0,0.0,0.0
MODELFILE08_Test_127_30_06_2025_19_32_06,0.9986206896346191,0.0,0.0,0.0,0.0,0.0,0.0
MODELFILE08_Test_128_30_06_2025_19_32_06,0.9958620688010906,0.0,0.0,0.0,0.0,0.0,0.0
testID,metricValue,rv_start,rv_end,rv_intensity,vel_start,vel_end,vel_intensity
MODELFILE09_Test_001_30_06_2025_20_42_38,0.21659330170730062,0.0,0.0,0.0,0.0,0.0,0.0
MODELFILE09_Test_013_30_06_2025_20_42_38,0.8220689576247643,0.0,0.0,0.0,0.0,0.0,0.0
MODELFILE09_Test_024_30_06_2025_20_42_38,0.6648275704219424,0.0,0.0,0.0,0.0,0.0,0.0
MODELFILE09_Test_025_30_06_2025_20_42_38,0.9972413792692382,0.0,0.0,0.0,0.0,0.0,0.0
MODELFILE09_Test_026_30_06_2025_20_42_38,0.8220689576247643,0.0,0.0,0.0,0.0,0.0,0.0
MODELFILE09_Test_027_30_06_2025_20_42_38,0.9475862075542582,0.0,0.0,0.0,0.0,0.0,0.0
MODELFILE09_Test_029_30_06_2025_20_42_38,0.9972413792692382,0.0,0.0,0.0,0.0,0.0,0.0
MODELFILE09_Test_030_30_06_2025_20_42_38,0.9117241366156217,0.0,0.0,0.0,0.0,0.0,0.0
MODELFILE09_Test_031_30_06_2025_20_42_38,0.973793103777129,0.0,0.0,0.0,0.0,0.0,0.0
MODELFILE09_Test_032_30_06_2025_20_42_38,0.8206896551724138,0.0,0.0,0.0,0.0,0.0,0.0
testID,metricValue,rv_start,rv_end,rv_intensity,vel_start,vel_end,vel_intensity
MODELFILE10_Test_001_01_07_2025_04_19_42,0.9972413792692382,0.0,0.0,0.0,0.0,0.0,0.0
MODELFILE10_Test_002_01_07_2025_04_19_42,0.7089655119797279,0.0,0.0,0.0,0.0,0.0,0.0
MODELFILE10_Test_003_01_07_2025_04_19_42,0.9972413792692382,0.0,0.0,0.0,0.0,0.0,0.0
MODELFILE10_Test_004_01_07_2025_04_19_42,0.8206896551724138,0.0,0.0,0.0,0.0,0.0,0.0
MODELFILE10_Test_005_01_07_2025_04_19_42,0.9972413792692382,0.0,0.0,0.0,0.0,0.0,0.0
MODELFILE10_Test_006_01_07_2025_04_19_42,0.8206896551724138,0.0,0.0,0.0,0.0,0.0,0.0
MODELFILE10_Test_007_01_07_2025_04_19_42,0.9972413792692382,0.0,0.0,0.0,0.0,0.0,0.0
MODELFILE10_Test_008_01_07_2025_04_19_42,0.7089655119797279,0.0,0.0,0.0,0.0,0.0,0.0
MODELFILE10_Test_009_01_07_2025_04_19_42,0.8206896551724138,0.0,0.0,0.0,0.0,0.0,0.0
MODELFILE10_Test_010_01_07_2025_04_19_42,0.9986206896346191,0.0,0.0,0.0,0.0,0.0,0.0
MODELFILE10_Test_011_01_07_2025_04_19_42,0.7089655119797279,0.0,0.0,0.0,0.0,0.0,0.0
MODELFILE10_Test_012_01_07_2025_04_19_42,0.7089655119797279,0.0,0.0,0.0,0.0,0.0,0.0
MODELFILE10_Test_014_01_07_2025_04_19_42,0.8248275888377222,0.0,0.0,0.0,0.0,0.0,0.0
MODELFILE10_Test_015_01_07_2025_04_19_42,0.8220689576247643,0.0,0.0,0.0,0.0,0.0,0.0
MODELFILE10_Test_016_01_07_2025_04_19_42,0.9972413792692382,0.0,0.0,0.0,0.0,0.0,0.0
MODELFILE10_Test_018_01_07_2025_04_19_42,0.7089655119797279,0.0,0.0,0.0,0.0,0.0,0.0
MODELFILE10_Test_020_01_07_2025_04_19_42,0.8220689576247643,0.0,0.0,0.0,0.0,0.0,0.0
MODELFILE10_Test_021_01_07_2025_04_19_42,0.7103448275862069,0.0,0.0,0.0,0.0,0.0,0.0
MODELFILE10_Test_022_01_07_2025_04_19_42,0.8220689576247643,0.0,0.0,0.0,0.0,0.0,0.0
MODELFILE10_Test_023_01_07_2025_04_19_42,0.7103448275862069,0.0,0.0,0.0,0.0,0.0,0.0
MODELFILE10_Test_024_01_07_2025_04_19_42,0.8206896551724138,0.0,0.0,0.0,0.0,0.0,0.0
MODELFILE10_Test_025_01_07_2025_04_19_42,0.7089655119797279,0.0,0.0,0.0,0.0,0.0,0.0
MODELFILE10_Test_026_01_07_2025_04_19_42,0.7103448275862069,0.0,0.0,0.0,0.0,0.0,0.0
MODELFILE10_Test_027_01_07_2025_04_19_42,0.9986206896346191,0.0,0.0,0.0,0.0,0.0,0.0
MODELFILE10_Test_028_01_07_2025_04_19_42,0.7089655119797279,0.0,0.0,0.0,0.0,0.0,0.0
MODELFILE10_Test_030_01_07_2025_04_19_42,0.9420689615710028,0.0,0.0,0.0,0.0,0.0,0.0
MODELFILE10_Test_031_01_07_2025_04_19_42,0.8234482732312433,0.0,0.0,0.0,0.0,0.0,0.0
MODELFILE10_Test_032_01_07_2025_04_19_42,0.7089655119797279,0.0,0.0,0.0,0.0,0.0,0.0
MODELFILE10_Test_033_01_07_2025_05_24_15,0.9972413792692382,0.0,0.0,0.0,0.0,0.0,0.0
MODELFILE10_Test_034_01_07_2025_05_24_15,0.9972413792692382,0.0,0.0,0.0,0.0,0.0,0.0
MODELFILE10_Test_035_01_07_2025_05_24_15,0.8206896551724138,0.0,0.0,0.0,0.0,0.0,0.0
MODELFILE10_Test_036_01_07_2025_05_24_15,0.8206896551724138,0.0,0.0,0.0,0.0,0.0,0.0
MODELFILE10_Test_037_01_07_2025_05_24_15,0.9972413792692382,0.0,0.0,0.0,0.0,0.0,0.0
MODELFILE10_Test_038_01_07_2025_05_24_15,0.7089655119797279,0.0,0.0,0.0,0.0,0.0,0.0
MODELFILE10_Test_039_01_07_2025_05_24_15,0.7089655119797279,0.0,0.0,0.0,0.0,0.0,0.0
MODELFILE10_Test_040_01_07_2025_05_24_15,0.9972413792692382,0.0,0.0,0.0,0.0,0.0,0.0
MODELFILE10_Test_042_01_07_2025_05_24_15,0.7089655119797279,0.0,0.0,0.0,0.0,0.0,0.0
MODELFILE10_Test_044_01_07_2025_05_24_15,0.9986206896346191,0.0,0.0,0.0,0.0,0.0,0.0
MODELFILE10_Test_046_01_07_2025_05_24_15,0.9972413792692382,0.0,0.0,0.0,0.0,0.0,0.0
MODELFILE10_Test_047_01_07_2025_05_24_15,0.7103448275862069,0.0,0.0,0.0,0.0,0.0,0.0
MODELFILE10_Test_048_01_07_2025_05_24_15,0.9696551717560867,0.0,0.0,0.0,0.0,0.0,0.0
MODELFILE10_Test_049_01_07_2025_05_24_15,0.9972413792692382,0.0,0.0,0.0,0.0,0.0,0.0
MODELFILE10_Test_050_01_07_2025_05_24_15,0.9972413792692382,0.0,0.0,0.0,0.0,0.0,0.0
MODELFILE10_Test_052_01_07_2025_05_24_15,0.7310344827586207,0.0,0.0,0.0,0.0,0.0,0.0
MODELFILE10_Test_053_01_07_2025_05_24_15,0.7089655119797279,0.0,0.0,0.0,0.0,0.0,0.0
MODELFILE10_Test_054_01_07_2025_05_24_15,0.7103448275862069,0.0,0.0,0.0,0.0,0.0,0.0
MODELFILE10_Test_055_01_07_2025_05_24_15,0.7103448275862069,0.0,0.0,0.0,0.0,0.0,0.0
MODELFILE10_Test_056_01_07_2025_05_24_15,0.7089655119797279,0.0,0.0,0.0,0.0,0.0,0.0
MODELFILE10_Test_057_01_07_2025_05_24_15,0.8206896551724138,0.0,0.0,0.0,0.0,0.0,0.0
MODELFILE10_Test_058_01_07_2025_05_24_15,0.9986206896346191,0.0,0.0,0.0,0.0,0.0,0.0
MODELFILE10_Test_059_01_07_2025_05_24_15,0.7089655119797279,0.0,0.0,0.0,0.0,0.0,0.0
MODELFILE10_Test_061_01_07_2025_05_24_15,0.8206896551724138,0.0,0.0,0.0,0.0,0.0,0.0
MODELFILE10_Test_062_01_07_2025_05_24_15,0.9972413792692382,0.0,0.0,0.0,0.0,0.0,0.0
MODELFILE10_Test_063_01_07_2025_05_24_15,0.7103448275862069,0.0,0.0,0.0,0.0,0.0,0.0
MODELFILE10_Test_064_01_07_2025_05_24_15,0.9972413792692382,0.0,0.0,0.0,0.0,0.0,0.0
MODELFILE10_Test_066_01_07_2025_06_27_47,0.8220689576247643,0.0,0.0,0.0,0.0,0.0,0.0
MODELFILE10_Test_067_01_07_2025_06_27_47,0.7103448275862069,0.0,0.0,0.0,0.0,0.0,0.0
MODELFILE10_Test_068_01_07_2025_06_27_47,0.7089655119797279,0.0,0.0,0.0,0.0,0.0,0.0
MODELFILE10_Test_069_01_07_2025_06_27_47,0.9972413792692382,0.0,0.0,0.0,0.0,0.0,0.0
MODELFILE10_Test_070_01_07_2025_06_27_47,0.8220689576247643,0.0,0.0,0.0,0.0,0.0,0.0
MODELFILE10_Test_071_01_07_2025_06_27_47,0.7103448275862069,0.0,0.0,0.0,0.0,0.0,0.0
MODELFILE10_Test_072_01_07_2025_06_27_47,0.7103448275862069,0.0,0.0,0.0,0.0,0.0,0.0
MODELFILE10_Test_073_01_07_2025_06_27_47,0.7089655119797279,0.0,0.0,0.0,0.0,0.0,0.0
MODELFILE10_Test_074_01_07_2025_06_27_47,0.8924137904726226,0.0,0.0,0.0,0.0,0.0,0.0
MODELFILE10_Test_075_01_07_2025_06_27_47,0.8206896551724138,0.0,0.0,0.0,0.0,0.0,0.0
MODELFILE10_Test_076_01_07_2025_06_27_47,0.9972413792692382,0.0,0.0,0.0,0.0,0.0,0.0
MODELFILE10_Test_077_01_07_2025_06_27_47,0.8289655093489022,0.0,0.0,0.0,0.0,0.0,0.0
MODELFILE10_Test_078_01_07_2025_06_27_47,0.8206896551724138,0.0,0.0,0.0,0.0,0.0,0.0
MODELFILE10_Test_079_01_07_2025_06_27_47,0.9986206896346191,0.0,0.0,0.0,0.0,0.0,0.0
MODELFILE10_Test_080_01_07_2025_06_27_47,0.8234482732312433,0.0,0.0,0.0,0.0,0.0,0.0
MODELFILE10_Test_081_01_07_2025_06_27_47,0.7103448275862069,0.0,0.0,0.0,0.0,0.0,0.0
MODELFILE10_Test_082_01_07_2025_06_27_47,0.7089655119797279,0.0,0.0,0.0,0.0,0.0,0.0
MODELFILE10_Test_083_01_07_2025_06_27_47,0.7089655119797279,0.0,0.0,0.0,0.0,0.0,0.0
MODELFILE10_Test_084_01_07_2025_06_27_47,0.7089655119797279,0.0,0.0,0.0,0.0,0.0,0.0
MODELFILE10_Test_085_01_07_2025_06_27_47,0.9972413792692382,0.0,0.0,0.0,0.0,0.0,0.0
MODELFILE10_Test_086_01_07_2025_06_27_47,0.8331034430142107,0.0,0.0,0.0,0.0,0.0,0.0
MODELFILE10_Test_087_01_07_2025_06_27_47,0.9986206896346191,0.0,0.0,0.0,0.0,0.0,0.0
MODELFILE10_Test_088_01_07_2025_06_27_47,0.7103448275862069,0.0,0.0,0.0,0.0,0.0,0.0
MODELFILE10_Test_089_01_07_2025_06_27_47,0.7103448275862069,0.0,0.0,0.0,0.0,0.0,0.0
MODELFILE10_Test_090_01_07_2025_06_27_47,0.9986206896346191,0.0,0.0,0.0,0.0,0.0,0.0
MODELFILE10_Test_091_01_07_2025_06_27_47,0.9972413792692382,0.0,0.0,0.0,0.0,0.0,0.0
MODELFILE10_Test_092_01_07_2025_06_27_47,0.7089655119797279,0.0,0.0,0.0,0.0,0.0,0.0
MODELFILE10_Test_093_01_07_2025_06_27_47,0.9972413792692382,0.0,0.0,0.0,0.0,0.0,0.0
MODELFILE10_Test_094_01_07_2025_06_27_47,0.9972413792692382,0.0,0.0,0.0,0.0,0.0,0.0
MODELFILE10_Test_095_01_07_2025_06_27_47,0.7103448275862069,0.0,0.0,0.0,0.0,0.0,0.0
MODELFILE10_Test_096_01_07_2025_06_27_47,0.7103448275862069,0.0,0.0,0.0,0.0,0.0,0.0
MODELFILE10_Test_097_01_07_2025_07_35_00,0.7103448275862069,0.0,0.0,0.0,0.0,0.0,0.0
MODELFILE10_Test_098_01_07_2025_07_35_00,0.8220689576247643,0.0,0.0,0.0,0.0,0.0,0.0
MODELFILE10_Test_099_01_07_2025_07_35_00,0.9972413792692382,0.0,0.0,0.0,0.0,0.0,0.0
MODELFILE10_Test_100_01_07_2025_07_35_00,0.8206896551724138,0.0,0.0,0.0,0.0,0.0,0.0
MODELFILE10_Test_101_01_07_2025_07_35_00,0.7103448275862069,0.0,0.0,0.0,0.0,0.0,0.0
MODELFILE10_Test_102_01_07_2025_07_35_00,0.9972413792692382,0.0,0.0,0.0,0.0,0.0,0.0
MODELFILE10_Test_103_01_07_2025_07_35_00,0.9972413792692382,0.0,0.0,0.0,0.0,0.0,0.0
MODELFILE10_Test_104_01_07_2025_07_35_00,0.7089655119797279,0.0,0.0,0.0,0.0,0.0,0.0
MODELFILE10_Test_105_01_07_2025_07_35_00,0.9972413792692382,0.0,0.0,0.0,0.0,0.0,0.0
MODELFILE10_Test_106_01_07_2025_07_35_00,0.9986206896346191,0.0,0.0,0.0,0.0,0.0,0.0
MODELFILE10_Test_107_01_07_2025_07_35_00,0.7089655119797279,0.0,0.0,0.0,0.0,0.0,0.0
MODELFILE10_Test_108_01_07_2025_07_35_00,0.9420689615710028,0.0,0.0,0.0,0.0,0.0,0.0
MODELFILE10_Test_109_01_07_2025_07_35_00,0.9972413792692382,0.0,0.0,0.0,0.0,0.0,0.0
MODELFILE10_Test_110_01_07_2025_07_35_00,0.8220689576247643,0.0,0.0,0.0,0.0,0.0,0.0
MODELFILE10_Test_111_01_07_2025_07_35_00,0.5550797034954202,0.0,0.0,0.0,0.0,0.0,0.0
MODELFILE10_Test_112_01_07_2025_07_35_00,0.8206896551724138,0.0,0.0,0.0,0.0,0.0,0.0
MODELFILE10_Test_114_01_07_2025_07_35_00,0.6551724137931034,0.0,0.0,0.0,0.0,0.0,0.0
MODELFILE10_Test_115_01_07_2025_07_35_00,0.7089655119797279,0.0,0.0,0.0,0.0,0.0,0.0
MODELFILE10_Test_116_01_07_2025_07_35_00,0.8206896551724138,0.0,0.0,0.0,0.0,0.0,0.0
MODELFILE10_Test_117_01_07_2025_07_35_00,0.9972413792692382,0.0,0.0,0.0,0.0,0.0,0.0
MODELFILE10_Test_118_01_07_2025_07_35_00,0.9172413793103449,0.0,0.0,0.0,0.0,0.0,0.0
MODELFILE10_Test_119_01_07_2025_07_35_00,0.8220689576247643,0.0,0.0,0.0,0.0,0.0,0.0
MODELFILE10_Test_120_01_07_2025_07_35_00,0.8220689576247643,0.0,0.0,0.0,0.0,0.0,0.0
MODELFILE10_Test_121_01_07_2025_07_35_00,0.7089655119797279,0.0,0.0,0.0,0.0,0.0,0.0
MODELFILE10_Test_122_01_07_2025_07_35_00,0.7089655119797279,0.0,0.0,0.0,0.0,0.0,0.0
MODELFILE10_Test_123_01_07_2025_07_35_00,0.9986206896346191,0.0,0.0,0.0,0.0,0.0,0.0
MODELFILE10_Test_124_01_07_2025_07_35_00,0.8289655093489022,0.0,0.0,0.0,0.0,0.0,0.0
MODELFILE10_Test_125_01_07_2025_07_35_00,0.9972413792692382,0.0,0.0,0.0,0.0,0.0,0.0
MODELFILE10_Test_126_01_07_2025_07_35_00,0.8206896551724138,0.0,0.0,0.0,0.0,0.0,0.0
MODELFILE10_Test_128_01_07_2025_07_35_00,0.7103448275862069,0.0,0.0,0.0,0.0,0.0,0.0
