testName,distanceToHuman1
MODELFILE01_Test_001_29_06_2025_05_34_14,2.0785766931082756
MODELFILE01_Test_002_29_06_2025_05_34_14,0.887828935059912
MODELFILE01_Test_003_29_06_2025_05_34_14,3.6042323552543722
MODELFILE01_Test_004_29_06_2025_05_34_14,2.117479128061049
MODELFILE01_Test_005_29_06_2025_05_34_14,0.9995303791154172
MODELFILE01_Test_006_29_06_2025_05_34_14,2.680802482696322
MODELFILE01_Test_007_29_06_2025_05_34_14,8.711543198953564
MODELFILE01_Test_008_29_06_2025_05_34_14,4.842699317592357
MODELFILE01_Test_009_29_06_2025_05_34_14,8.317804673542476
MODELFILE01_Test_010_29_06_2025_05_34_14,2.1505833783743764
MODELFILE01_Test_011_29_06_2025_05_34_14,0.3232731851557679
MODELFILE01_Test_012_29_06_2025_05_34_14,7.299552943474496
MODELFILE01_Test_013_29_06_2025_05_34_14,0.16096022996750722
MODELFILE01_Test_014_29_06_2025_05_34_14,8.711554825791744
MODELFILE01_Test_015_29_06_2025_05_34_14,0.8698593979645155
MODELFILE01_Test_016_29_06_2025_05_34_14,8.711311699196854
MODELFILE01_Test_017_29_06_2025_05_34_14,9.311219846292506
MODELFILE01_Test_018_29_06_2025_05_34_14,5.990133894028306
MODELFILE01_Test_019_29_06_2025_05_34_14,8.711557703421304
MODELFILE01_Test_020_29_06_2025_05_34_14,4.297683921423663
MODELFILE01_Test_021_29_06_2025_05_34_14,7.512093227351326
MODELFILE01_Test_022_29_06_2025_05_34_14,8.111954597049497
MODELFILE01_Test_023_29_06_2025_05_34_14,8.7113122054421
MODELFILE01_Test_024_29_06_2025_05_34_14,9.31135443950691
MODELFILE01_Test_025_29_06_2025_05_34_14,7.512172845153132
MODELFILE01_Test_026_29_06_2025_05_34_14,8.711335256762409
MODELFILE01_Test_027_29_06_2025_05_34_14,7.512224915300015
MODELFILE01_Test_028_29_06_2025_05_34_14,9.311002140965611
MODELFILE01_Test_029_29_06_2025_05_34_14,10.124367621163401
MODELFILE01_Test_030_29_06_2025_05_34_14,4.296208295697142
MODELFILE01_Test_031_29_06_2025_05_34_14,8.111668757582091
MODELFILE01_Test_032_29_06_2025_05_34_14,9.31110582101597
MODELFILE01_Test_033_29_06_2025_06_41_26,9.311230279855016
MODELFILE01_Test_034_29_06_2025_06_41_26,9.311439276081183
MODELFILE01_Test_035_29_06_2025_06_41_26,8.711723122688447
MODELFILE01_Test_036_29_06_2025_06_41_26,7.512148482693615
MODELFILE01_Test_037_29_06_2025_06_41_26,7.853932802023494
MODELFILE01_Test_038_29_06_2025_06_41_26,8.711733820344213
MODELFILE01_Test_039_29_06_2025_06_41_26,7.512133364202798
MODELFILE01_Test_040_29_06_2025_06_41_26,9.91104763623536
MODELFILE01_Test_041_29_06_2025_06_41_26,2.0727530637256915
MODELFILE01_Test_042_29_06_2025_06_41_26,8.711311841719494
MODELFILE01_Test_043_29_06_2025_06_41_26,9.910959496774067
MODELFILE01_Test_044_29_06_2025_06_41_26,8.71154935148913
MODELFILE01_Test_045_29_06_2025_06_41_26,0.4567852866666931
MODELFILE01_Test_046_29_06_2025_06_41_26,8.711365585470576
MODELFILE01_Test_047_29_06_2025_06_41_26,8.711505395851104
MODELFILE01_Test_048_29_06_2025_06_41_26,8.711545308596994
MODELFILE01_Test_049_29_06_2025_06_41_26,0.8801236273166825
MODELFILE01_Test_050_29_06_2025_06_41_26,0.4872973712751042
MODELFILE01_Test_051_29_06_2025_06_41_26,1.581970114010633
MODELFILE01_Test_052_29_06_2025_06_41_26,8.711313714062891
MODELFILE01_Test_053_29_06_2025_06_41_26,9.910934546156161
MODELFILE01_Test_054_29_06_2025_06_41_26,8.711809296972957
MODELFILE01_Test_055_29_06_2025_06_41_26,9.911084869851772
MODELFILE01_Test_056_29_06_2025_06_41_26,1.121387621717584
MODELFILE01_Test_057_29_06_2025_06_41_26,8.437237574368
MODELFILE01_Test_058_29_06_2025_06_41_26,10.510962778762256
MODELFILE01_Test_059_29_06_2025_06_41_26,6.9125720973205915
MODELFILE01_Test_060_29_06_2025_06_41_26,9.311512805089974
MODELFILE01_Test_061_29_06_2025_06_41_26,2.1495959085345167
MODELFILE01_Test_062_29_06_2025_06_41_26,3.042876397994285
MODELFILE01_Test_063_29_06_2025_06_41_26,5.318315869073631
MODELFILE01_Test_064_29_06_2025_06_41_26,4.584294849377731
MODELFILE01_Test_066_29_06_2025_07_48_49,8.111671033876213
MODELFILE01_Test_067_29_06_2025_07_48_49,9.91120386083299
MODELFILE01_Test_068_29_06_2025_07_48_49,8.711551832821566
MODELFILE01_Test_069_29_06_2025_07_48_49,8.711313555509378
MODELFILE01_Test_070_29_06_2025_07_48_49,2.094730222840506
MODELFILE01_Test_071_29_06_2025_07_48_49,8.111749282257609
MODELFILE01_Test_072_29_06_2025_07_48_49,2.1496832966084645
MODELFILE01_Test_073_29_06_2025_07_48_49,8.71136135382363
MODELFILE01_Test_074_29_06_2025_07_48_49,9.311285377743143
MODELFILE01_Test_075_29_06_2025_07_48_49,3.6585093952840784
MODELFILE01_Test_076_29_06_2025_07_48_49,2.1497023670406095
MODELFILE01_Test_077_29_06_2025_07_48_49,8.711826100727885
MODELFILE01_Test_078_29_06_2025_07_48_49,8.711573279856086
MODELFILE01_Test_079_29_06_2025_07_48_49,0.5847535363460019
MODELFILE01_Test_080_29_06_2025_07_48_49,2.1002726853137457
MODELFILE01_Test_081_29_06_2025_07_48_49,6.9125720973205915
MODELFILE01_Test_082_29_06_2025_07_48_49,0.19883177509511352
MODELFILE01_Test_083_29_06_2025_07_48_49,8.111675492821258
MODELFILE01_Test_084_29_06_2025_07_48_49,2.0944256820672074
MODELFILE01_Test_085_29_06_2025_07_48_49,0.3676534251558559
MODELFILE01_Test_086_29_06_2025_07_48_49,10.12183369455454
MODELFILE01_Test_087_29_06_2025_07_48_49,9.311372389528263
MODELFILE01_Test_088_29_06_2025_07_48_49,2.0882347052364247
MODELFILE01_Test_089_29_06_2025_07_48_49,8.711554223044372
MODELFILE01_Test_090_29_06_2025_07_48_49,10.265379974461348
MODELFILE01_Test_091_29_06_2025_07_48_49,2.139586696300668
MODELFILE01_Test_092_29_06_2025_07_48_49,8.71136718679306
MODELFILE01_Test_093_29_06_2025_07_48_49,0.23648788696800369
MODELFILE01_Test_094_29_06_2025_07_48_49,9.311239015146395
MODELFILE01_Test_095_29_06_2025_07_48_49,10.238764998082122
MODELFILE01_Test_096_29_06_2025_07_48_49,5.547436803717731
MODELFILE01_Test_097_29_06_2025_08_53_52,9.31136388855433
MODELFILE01_Test_098_29_06_2025_08_53_52,0.3126495953444738
MODELFILE01_Test_099_29_06_2025_08_53_52,2.128120311146262
MODELFILE01_Test_100_29_06_2025_08_53_52,9.311373403092006
MODELFILE01_Test_101_29_06_2025_08_53_52,8.711472191793543
MODELFILE01_Test_102_29_06_2025_08_53_52,8.711335781679441
MODELFILE01_Test_103_29_06_2025_08_53_52,10.135691696220203
MODELFILE01_Test_104_29_06_2025_08_53_52,8.711311708598263
MODELFILE01_Test_105_29_06_2025_08_53_52,9.311000273785654
MODELFILE01_Test_106_29_06_2025_08_53_52,2.9071007228528303
MODELFILE01_Test_107_29_06_2025_08_53_52,2.1575799743819988
MODELFILE01_Test_108_29_06_2025_08_53_52,9.311053461389221
MODELFILE01_Test_109_29_06_2025_08_53_52,9.311292633358176
MODELFILE01_Test_111_29_06_2025_08_53_52,8.711521028409912
MODELFILE01_Test_112_29_06_2025_08_53_52,8.711367153684629
MODELFILE01_Test_113_29_06_2025_08_53_52,0.6312655883422204
MODELFILE01_Test_114_29_06_2025_08_53_52,8.111674250898087
MODELFILE01_Test_115_29_06_2025_08_53_52,7.512085545097033
MODELFILE01_Test_116_29_06_2025_08_53_52,0.8279380977162434
MODELFILE01_Test_117_29_06_2025_08_53_52,8.11177662548238
MODELFILE01_Test_118_29_06_2025_08_53_52,2.133252494624629
MODELFILE01_Test_119_29_06_2025_08_53_52,9.311434209658428
MODELFILE01_Test_120_29_06_2025_08_53_52,0.8425206782681686
MODELFILE01_Test_121_29_06_2025_08_53_52,8.71131766128679
MODELFILE01_Test_122_29_06_2025_08_53_52,10.206572178763073
MODELFILE01_Test_123_29_06_2025_08_53_52,4.260172278811352
MODELFILE01_Test_124_29_06_2025_08_53_52,8.711319683422268
MODELFILE01_Test_125_29_06_2025_08_53_52,2.086782084365342
MODELFILE01_Test_127_29_06_2025_08_53_52,2.105010427087791
MODELFILE01_Test_128_29_06_2025_08_53_52,9.911058163901956
MODELFILE02_Test_001_29_06_2025_10_03_34,8.711316637504035
MODELFILE02_Test_002_29_06_2025_10_03_34,2.091132891343955
MODELFILE02_Test_003_29_06_2025_10_03_34,7.512089478164902
MODELFILE02_Test_004_29_06_2025_10_03_34,8.71133256048299
MODELFILE02_Test_005_29_06_2025_10_03_34,0.6073228516925692
MODELFILE02_Test_006_29_06_2025_10_03_34,8.711319854186545
MODELFILE02_Test_007_29_06_2025_10_03_34,2.1044067124658743
MODELFILE02_Test_008_29_06_2025_10_03_34,2.1328016060252755
MODELFILE02_Test_009_29_06_2025_10_03_34,8.711311432791131
MODELFILE02_Test_010_29_06_2025_10_03_34,9.311138549690025
MODELFILE02_Test_012_29_06_2025_10_03_34,8.111701037849695
MODELFILE02_Test_013_29_06_2025_10_03_34,9.311468984588421
MODELFILE02_Test_014_29_06_2025_10_03_34,7.853773901636878
MODELFILE02_Test_015_29_06_2025_10_03_34,9.31123817309426
MODELFILE02_Test_016_29_06_2025_10_03_34,9.31132060492435
MODELFILE02_Test_017_29_06_2025_10_03_34,8.111672667743012
MODELFILE02_Test_018_29_06_2025_10_03_34,0.6803567567252841
MODELFILE02_Test_019_29_06_2025_10_03_34,0.6486370779481437
MODELFILE02_Test_020_29_06_2025_10_03_34,8.711743880631106
MODELFILE02_Test_021_29_06_2025_10_03_34,9.311010224091671
MODELFILE02_Test_022_29_06_2025_10_03_34,8.711573105593942
MODELFILE02_Test_023_29_06_2025_10_03_34,8.71154651760684
MODELFILE02_Test_024_29_06_2025_10_03_34,8.711697031784263
MODELFILE02_Test_026_29_06_2025_10_03_34,9.311256497668488
MODELFILE02_Test_027_29_06_2025_10_03_34,8.11167098220867
MODELFILE02_Test_028_29_06_2025_10_03_34,9.311473210834457
MODELFILE02_Test_029_29_06_2025_10_03_34,8.71183997621881
MODELFILE02_Test_030_29_06_2025_10_03_34,10.076900813671829
MODELFILE02_Test_031_29_06_2025_10_03_34,8.711551923243888
MODELFILE02_Test_032_29_06_2025_10_03_34,10.205715904029141
MODELFILE02_Test_033_29_06_2025_11_09_16,0.26679413700072147
MODELFILE02_Test_034_29_06_2025_11_09_16,2.077173457227507
MODELFILE02_Test_035_29_06_2025_11_09_16,10.51096713156639
MODELFILE02_Test_036_29_06_2025_11_09_16,8.711314558866647
MODELFILE02_Test_037_29_06_2025_11_09_16,8.711858811212991
MODELFILE02_Test_038_29_06_2025_11_09_16,8.71136902074237
MODELFILE02_Test_039_29_06_2025_11_09_16,9.311213538759821
MODELFILE02_Test_040_29_06_2025_11_09_16,10.193729203395101
MODELFILE02_Test_041_29_06_2025_11_09_16,2.1575708555637143
MODELFILE02_Test_042_29_06_2025_11_09_16,8.711313506604878
MODELFILE02_Test_043_29_06_2025_11_09_16,6.570351876487204
MODELFILE02_Test_044_29_06_2025_11_09_16,8.711447838534019
MODELFILE02_Test_045_29_06_2025_11_09_16,7.512093281120147
MODELFILE02_Test_046_29_06_2025_11_09_16,7.512083837675092
MODELFILE02_Test_047_29_06_2025_11_09_16,9.911087795807173
MODELFILE02_Test_048_29_06_2025_11_09_16,9.3114984428917
MODELFILE02_Test_049_29_06_2025_11_09_16,9.31126295460199
MODELFILE02_Test_050_29_06_2025_11_09_16,10.097257990763717
MODELFILE02_Test_051_29_06_2025_11_09_16,8.711314558866647
MODELFILE02_Test_052_29_06_2025_11_09_16,1.1179638194885906
MODELFILE02_Test_053_29_06_2025_11_09_16,8.11167098220867
MODELFILE02_Test_054_29_06_2025_11_09_16,8.711441899488321
MODELFILE02_Test_055_29_06_2025_11_09_16,8.111671946088817
MODELFILE02_Test_056_29_06_2025_11_09_16,9.91113874831538
MODELFILE02_Test_057_29_06_2025_11_09_16,8.711599530908272
MODELFILE02_Test_058_29_06_2025_11_09_16,8.711364831127566
MODELFILE02_Test_059_29_06_2025_11_09_16,8.711498103424647
MODELFILE02_Test_060_29_06_2025_11_09_16,0.7130236071982561
MODELFILE02_Test_061_29_06_2025_11_09_16,2.1156391864259256
MODELFILE02_Test_062_29_06_2025_11_09_16,9.311218856750825
MODELFILE02_Test_063_29_06_2025_11_09_16,7.2633702286744315
MODELFILE02_Test_064_29_06_2025_11_09_16,9.311115883078372
MODELFILE02_Test_065_29_06_2025_12_16_49,6.674713371835614
MODELFILE02_Test_066_29_06_2025_12_16_49,5.100007424120235
MODELFILE02_Test_067_29_06_2025_12_16_49,8.711318017422817
MODELFILE02_Test_068_29_06_2025_12_16_49,8.711521160218565
MODELFILE02_Test_069_29_06_2025_12_16_49,0.8748250389001996
MODELFILE02_Test_070_29_06_2025_12_16_49,8.711546784553436
MODELFILE02_Test_071_29_06_2025_12_16_49,9.311234855833765
MODELFILE02_Test_072_29_06_2025_12_16_49,8.11166961324201
MODELFILE02_Test_073_29_06_2025_12_16_49,8.111933716381525
MODELFILE02_Test_074_29_06_2025_12_16_49,6.675016469146224
MODELFILE02_Test_075_29_06_2025_12_16_49,8.711472191793543
MODELFILE02_Test_076_29_06_2025_12_16_49,7.512083274904798
MODELFILE02_Test_077_29_06_2025_12_16_49,8.711464662419582
MODELFILE02_Test_078_29_06_2025_12_16_49,8.711572576783963
MODELFILE02_Test_079_29_06_2025_12_16_49,2.283377148451071
MODELFILE02_Test_080_29_06_2025_12_16_49,9.311298910266949
MODELFILE02_Test_081_29_06_2025_12_16_49,9.311480949650795
MODELFILE02_Test_082_29_06_2025_12_16_49,8.11167098220867
MODELFILE02_Test_083_29_06_2025_12_16_49,0.4053362253035101
MODELFILE02_Test_084_29_06_2025_12_16_49,7.833366278827745
MODELFILE02_Test_085_29_06_2025_12_16_49,9.311350869969885
MODELFILE02_Test_086_29_06_2025_12_16_49,8.711407910782452
MODELFILE02_Test_087_29_06_2025_12_16_49,2.5692078689871485
MODELFILE02_Test_088_29_06_2025_12_16_49,2.125721924768483
MODELFILE02_Test_089_29_06_2025_12_16_49,9.911207523158872
MODELFILE02_Test_090_29_06_2025_12_16_49,8.711594905510037
MODELFILE02_Test_091_29_06_2025_12_16_49,9.311234729239256
MODELFILE02_Test_092_29_06_2025_12_16_49,1.0717214606991121
MODELFILE02_Test_093_29_06_2025_12_16_49,8.711355681592812
MODELFILE02_Test_094_29_06_2025_12_16_49,8.711513853662675
MODELFILE02_Test_095_29_06_2025_12_16_49,6.5508596090745375
MODELFILE02_Test_096_29_06_2025_12_16_49,8.111671095699096
MODELFILE02_Test_098_29_06_2025_13_23_52,8.711549720146321
MODELFILE02_Test_099_29_06_2025_13_23_52,9.91120427423165
MODELFILE02_Test_100_29_06_2025_13_23_52,8.711513794716693
MODELFILE02_Test_101_29_06_2025_13_23_52,8.71172146610888
MODELFILE02_Test_102_29_06_2025_13_23_52,8.711637265812364
MODELFILE02_Test_103_29_06_2025_13_23_52,8.711312715494458
MODELFILE02_Test_104_29_06_2025_13_23_52,0.6892598534911919
MODELFILE02_Test_105_29_06_2025_13_23_52,10.510796055783684
MODELFILE02_Test_106_29_06_2025_13_23_52,8.711548754814423
MODELFILE02_Test_107_29_06_2025_13_23_52,2.1064806182918865
MODELFILE02_Test_108_29_06_2025_13_23_52,8.711550986252565
MODELFILE02_Test_109_29_06_2025_13_23_52,8.711454861678437
MODELFILE02_Test_110_29_06_2025_13_23_52,8.11167098220867
MODELFILE02_Test_111_29_06_2025_13_23_52,9.311240770432681
MODELFILE02_Test_112_29_06_2025_13_23_52,2.108318641135462
MODELFILE02_Test_113_29_06_2025_13_23_52,7.51232152884696
MODELFILE02_Test_114_29_06_2025_13_23_52,9.311202573400548
MODELFILE02_Test_115_29_06_2025_13_23_52,6.912570147256809
MODELFILE02_Test_116_29_06_2025_13_23_52,2.133464648766862
MODELFILE02_Test_117_29_06_2025_13_23_52,0.6021687827419929
MODELFILE02_Test_118_29_06_2025_13_23_52,9.311235634490414
MODELFILE02_Test_119_29_06_2025_13_23_52,9.311208072821591
MODELFILE02_Test_120_29_06_2025_13_23_52,9.911195329303844
MODELFILE02_Test_121_29_06_2025_13_23_52,9.311464928955987
MODELFILE02_Test_122_29_06_2025_13_23_52,8.711315372749793
MODELFILE02_Test_123_29_06_2025_13_23_52,9.311280383220984
MODELFILE02_Test_124_29_06_2025_13_23_52,8.711311385943901
MODELFILE02_Test_125_29_06_2025_13_23_52,2.0780864940409316
MODELFILE02_Test_126_29_06_2025_13_23_52,8.711538973253635
MODELFILE02_Test_128_29_06_2025_13_23_52,8.711397146361266
MODELFILE03_Test_002_29_06_2025_14_34_12,7.512085593745459
MODELFILE03_Test_003_29_06_2025_14_34_12,9.311300238792157
MODELFILE03_Test_004_29_06_2025_14_34_12,10.280218181169625
MODELFILE03_Test_005_29_06_2025_14_34_12,6.9125720973205915
MODELFILE03_Test_006_29_06_2025_14_34_12,3.156459601003465
MODELFILE03_Test_007_29_06_2025_14_34_12,8.711598808244553
MODELFILE03_Test_008_29_06_2025_14_34_12,8.7117923998047
MODELFILE03_Test_009_29_06_2025_14_34_12,9.311264116400682
MODELFILE03_Test_010_29_06_2025_14_34_12,0.3361940188852778
MODELFILE03_Test_012_29_06_2025_14_34_12,8.711378153783963
MODELFILE03_Test_013_29_06_2025_14_34_12,8.711543184620936
MODELFILE03_Test_014_29_06_2025_14_34_12,8.711312103606222
MODELFILE03_Test_015_29_06_2025_14_34_12,6.8538691929426925
MODELFILE03_Test_016_29_06_2025_14_34_12,2.1069779889092377
MODELFILE03_Test_017_29_06_2025_14_34_12,8.711313453738665
MODELFILE03_Test_018_29_06_2025_14_34_12,8.71138430671531
MODELFILE03_Test_019_29_06_2025_14_34_12,9.311413037106949
MODELFILE03_Test_020_29_06_2025_14_34_12,0.8189338577391625
MODELFILE03_Test_021_29_06_2025_14_34_12,10.117482822774122
MODELFILE03_Test_022_29_06_2025_14_34_12,2.0966659513410972
MODELFILE03_Test_023_29_06_2025_14_34_12,9.911170103454642
MODELFILE03_Test_024_29_06_2025_14_34_12,7.134692388185004
MODELFILE03_Test_025_29_06_2025_14_34_12,9.311471841646732
MODELFILE03_Test_026_29_06_2025_14_34_12,9.310999870216556
MODELFILE03_Test_027_29_06_2025_14_34_12,2.103923537564108
MODELFILE03_Test_028_29_06_2025_14_34_12,8.71144703752823
MODELFILE03_Test_029_29_06_2025_14_34_12,9.311435917915448
MODELFILE03_Test_030_29_06_2025_14_34_12,10.246220321045977
MODELFILE03_Test_031_29_06_2025_14_34_12,9.311241446878276
MODELFILE03_Test_032_29_06_2025_14_34_12,8.711316913310963
MODELFILE03_Test_033_29_06_2025_15_38_34,10.156996727576226
MODELFILE03_Test_034_29_06_2025_15_38_34,10.120881005315185
MODELFILE03_Test_035_29_06_2025_15_38_34,5.694651534089166
MODELFILE03_Test_036_29_06_2025_15_38_34,8.71136159893141
MODELFILE03_Test_037_29_06_2025_15_38_34,9.31148247727519
MODELFILE03_Test_038_29_06_2025_15_38_34,9.311262697313781
MODELFILE03_Test_039_29_06_2025_15_38_34,2.1586166110138834
MODELFILE03_Test_040_29_06_2025_15_38_34,8.711784952681723
MODELFILE03_Test_041_29_06_2025_15_38_34,0.48053280502503964
MODELFILE03_Test_042_29_06_2025_15_38_34,9.31145693394893
MODELFILE03_Test_043_29_06_2025_15_38_34,8.711564529903907
MODELFILE03_Test_044_29_06_2025_15_38_34,3.6615494190627076
MODELFILE03_Test_045_29_06_2025_15_38_34,9.311217536737061
MODELFILE03_Test_046_29_06_2025_15_38_34,10.510952414983143
MODELFILE03_Test_047_29_06_2025_15_38_34,9.3112306003353
MODELFILE03_Test_048_29_06_2025_15_38_34,9.311337036172114
MODELFILE03_Test_049_29_06_2025_15_38_34,2.082236247911628
MODELFILE03_Test_050_29_06_2025_15_38_34,8.711549396673568
MODELFILE03_Test_051_29_06_2025_15_38_34,2.090430414883218
MODELFILE03_Test_052_29_06_2025_15_38_34,9.311005522553662
MODELFILE03_Test_053_29_06_2025_15_38_34,8.71131768879036
MODELFILE03_Test_054_29_06_2025_15_38_34,8.711552073968223
MODELFILE03_Test_055_29_06_2025_15_38_34,8.711364303366258
MODELFILE03_Test_056_29_06_2025_15_38_34,8.711557666169009
MODELFILE03_Test_057_29_06_2025_15_38_34,9.911224445114714
MODELFILE03_Test_058_29_06_2025_15_38_34,9.311238016283221
MODELFILE03_Test_059_29_06_2025_15_38_34,10.150828052013791
MODELFILE03_Test_060_29_06_2025_15_38_34,6.908002016603052
MODELFILE03_Test_061_29_06_2025_15_38_34,8.111726542346364
MODELFILE03_Test_062_29_06_2025_15_38_34,2.096161734375319
MODELFILE03_Test_063_29_06_2025_15_38_34,10.24709189400006
MODELFILE03_Test_064_29_06_2025_15_38_34,8.71159270129333
MODELFILE03_Test_065_29_06_2025_16_45_17,7.512139157360583
MODELFILE03_Test_066_29_06_2025_16_45_17,8.711545412854564
MODELFILE03_Test_067_29_06_2025_16_45_17,2.1152468712967236
MODELFILE03_Test_068_29_06_2025_16_45_17,10.264593115585042
MODELFILE03_Test_069_29_06_2025_16_45_17,9.31141112914082
MODELFILE03_Test_070_29_06_2025_16_45_17,3.7163274475999173
MODELFILE03_Test_071_29_06_2025_16_45_17,8.711367060719297
MODELFILE03_Test_072_29_06_2025_16_45_17,6.912596192905206
MODELFILE03_Test_074_29_06_2025_16_45_17,7.512085545097033
MODELFILE03_Test_075_29_06_2025_16_45_17,9.911021854162954
MODELFILE03_Test_076_29_06_2025_16_45_17,2.120889103083238
MODELFILE03_Test_077_29_06_2025_16_45_17,2.1253859810569944
MODELFILE03_Test_078_29_06_2025_16_45_17,7.512084159162665
MODELFILE03_Test_079_29_06_2025_16_45_17,9.311240970472474
MODELFILE03_Test_080_29_06_2025_16_45_17,2.133220217144937
MODELFILE03_Test_081_29_06_2025_16_45_17,10.135537852121276
MODELFILE03_Test_083_29_06_2025_16_45_17,8.711531842370924
MODELFILE03_Test_084_29_06_2025_16_45_17,9.3111854097237
MODELFILE03_Test_085_29_06_2025_16_45_17,9.311284951827322
MODELFILE03_Test_086_29_06_2025_16_45_17,9.311239483921026
MODELFILE03_Test_087_29_06_2025_16_45_17,10.262044660621958
MODELFILE03_Test_088_29_06_2025_16_45_17,6.912660122749061
MODELFILE03_Test_089_29_06_2025_16_45_17,8.71144387701249
MODELFILE03_Test_090_29_06_2025_16_45_17,9.91086105985771
MODELFILE03_Test_091_29_06_2025_16_45_17,10.167013770442827
MODELFILE03_Test_092_29_06_2025_16_45_17,8.11172844305875
MODELFILE03_Test_093_29_06_2025_16_45_17,9.311483236256354
MODELFILE03_Test_094_29_06_2025_16_45_17,0.9227990981950239
MODELFILE03_Test_095_29_06_2025_16_45_17,2.1440644235081443
MODELFILE03_Test_096_29_06_2025_16_45_17,0.9104848506766695
MODELFILE03_Test_097_29_06_2025_17_51_40,8.711317497718465
MODELFILE03_Test_098_29_06_2025_17_51_40,8.71131276242324
MODELFILE03_Test_099_29_06_2025_17_51_40,8.711313419519183
MODELFILE03_Test_100_29_06_2025_17_51_40,9.911202267029763
MODELFILE03_Test_101_29_06_2025_17_51_40,0.9121340921829857
MODELFILE03_Test_102_29_06_2025_17_51_40,2.0652334317793413
MODELFILE03_Test_103_29_06_2025_17_51_40,9.31135416715019
MODELFILE03_Test_104_29_06_2025_17_51_40,8.111675833001875
MODELFILE03_Test_105_29_06_2025_17_51_40,4.873765622755553
MODELFILE03_Test_106_29_06_2025_17_51_40,8.344659933667671
MODELFILE03_Test_107_29_06_2025_17_51_40,8.71131617674331
MODELFILE03_Test_108_29_06_2025_17_51_40,7.512141099725982
MODELFILE03_Test_109_29_06_2025_17_51_40,3.6790846728434734
MODELFILE03_Test_110_29_06_2025_17_51_40,8.71149709652739
MODELFILE03_Test_111_29_06_2025_17_51_40,2.1166160588148353
MODELFILE03_Test_113_29_06_2025_17_51_40,9.31120419757034
MODELFILE03_Test_114_29_06_2025_17_51_40,9.311000315531695
MODELFILE03_Test_115_29_06_2025_17_51_40,9.311439687901707
MODELFILE03_Test_116_29_06_2025_17_51_40,8.71155188681874
MODELFILE03_Test_117_29_06_2025_17_51_40,7.51208422643004
MODELFILE03_Test_118_29_06_2025_17_51_40,8.711609127516152
MODELFILE03_Test_119_29_06_2025_17_51_40,9.311316948257051
MODELFILE03_Test_120_29_06_2025_17_51_40,6.570597426578509
MODELFILE03_Test_121_29_06_2025_17_51_40,8.711312995668951
MODELFILE03_Test_122_29_06_2025_17_51_40,2.1423863515412656
MODELFILE03_Test_123_29_06_2025_17_51_40,8.711595345513137
MODELFILE03_Test_124_29_06_2025_17_51_40,9.311393259451787
MODELFILE03_Test_125_29_06_2025_17_51_40,0.8419533595490319
MODELFILE03_Test_126_29_06_2025_17_51_40,7.512085347022853
MODELFILE03_Test_127_29_06_2025_17_51_40,10.332943024961592
MODELFILE03_Test_128_29_06_2025_17_51_40,9.911207708476534
MODELFILE04_Test_001_29_06_2025_19_02_41,5.410631992267545
MODELFILE04_Test_002_29_06_2025_19_02_41,8.711311419631691
MODELFILE04_Test_003_29_06_2025_19_02_41,8.11167098220867
MODELFILE04_Test_004_29_06_2025_19_02_41,7.512090687583566
MODELFILE04_Test_005_29_06_2025_19_02_41,8.381418835518701
MODELFILE04_Test_006_29_06_2025_19_02_41,8.711515545206993
MODELFILE04_Test_007_29_06_2025_19_02_41,1.324276739172001
MODELFILE04_Test_008_29_06_2025_19_02_41,8.711319734596408
MODELFILE04_Test_009_29_06_2025_19_02_41,9.31120809557885
MODELFILE04_Test_010_29_06_2025_19_02_41,4.8558608782006685
MODELFILE04_Test_011_29_06_2025_19_02_41,9.31134829856393
MODELFILE04_Test_012_29_06_2025_19_02_41,9.311131640937578
MODELFILE04_Test_013_29_06_2025_19_02_41,8.71140745197269
MODELFILE04_Test_014_29_06_2025_19_02_41,8.111910456120677
MODELFILE04_Test_015_29_06_2025_19_02_41,8.711375682138708
MODELFILE04_Test_016_29_06_2025_19_02_41,8.415491510057985
MODELFILE04_Test_017_29_06_2025_19_02_41,8.71153946334188
MODELFILE04_Test_018_29_06_2025_19_02_41,2.1207948030263664
MODELFILE04_Test_019_29_06_2025_19_02_41,8.711552279906313
MODELFILE04_Test_020_29_06_2025_19_02_41,9.311228523407669
MODELFILE04_Test_021_29_06_2025_19_02_41,1.3390959407887637
MODELFILE04_Test_022_29_06_2025_19_02_41,6.03100751086938
MODELFILE04_Test_023_29_06_2025_19_02_41,6.91257739640288
MODELFILE04_Test_024_29_06_2025_19_02_41,9.31126045376299
MODELFILE04_Test_025_29_06_2025_19_02_41,9.311459993870224
MODELFILE04_Test_026_29_06_2025_19_02_41,9.311273706070883
MODELFILE04_Test_027_29_06_2025_19_02_41,10.137819897091207
MODELFILE04_Test_028_29_06_2025_19_02_41,7.860925513199939
MODELFILE04_Test_029_29_06_2025_19_02_41,8.466439991524629
MODELFILE04_Test_030_29_06_2025_19_02_41,9.31130151996889
MODELFILE04_Test_031_29_06_2025_19_02_41,8.71156836675807
MODELFILE04_Test_032_29_06_2025_19_02_41,9.311048156051013
MODELFILE04_Test_034_29_06_2025_20_10_03,6.912572050265026
MODELFILE04_Test_036_29_06_2025_20_10_03,7.183247009329945
MODELFILE04_Test_037_29_06_2025_20_10_03,10.25302122436987
MODELFILE04_Test_038_29_06_2025_20_10_03,6.540630554071417
MODELFILE04_Test_039_29_06_2025_20_10_03,7.5121177673995705
MODELFILE04_Test_040_29_06_2025_20_10_03,2.1004048763605074
MODELFILE04_Test_041_29_06_2025_20_10_03,9.911211194485508
MODELFILE04_Test_042_29_06_2025_20_10_03,9.31100422268883
MODELFILE04_Test_043_29_06_2025_20_10_03,10.190192782676974
MODELFILE04_Test_044_29_06_2025_20_10_03,2.1471607790048552
MODELFILE04_Test_045_29_06_2025_20_10_03,11.110587352819698
MODELFILE04_Test_046_29_06_2025_20_10_03,1.3358068926600342
MODELFILE04_Test_047_29_06_2025_20_10_03,8.382768445128487
MODELFILE04_Test_048_29_06_2025_20_10_03,8.711367060719297
MODELFILE04_Test_049_29_06_2025_20_10_03,8.71157508558748
MODELFILE04_Test_050_29_06_2025_20_10_03,10.27778293928992
MODELFILE04_Test_051_29_06_2025_20_10_03,8.711552539246506
MODELFILE04_Test_053_29_06_2025_20_10_03,7.512091006683399
MODELFILE04_Test_054_29_06_2025_20_10_03,9.911016185565133
MODELFILE04_Test_055_29_06_2025_20_10_03,8.711548755737235
MODELFILE04_Test_056_29_06_2025_20_10_03,8.711543768919514
MODELFILE04_Test_057_29_06_2025_20_10_03,9.311288236571675
MODELFILE04_Test_058_29_06_2025_20_10_03,5.4708816105154385
MODELFILE04_Test_059_29_06_2025_20_10_03,8.711600943374473
MODELFILE04_Test_060_29_06_2025_20_10_03,7.905022183500133
MODELFILE04_Test_061_29_06_2025_20_10_03,8.11167098220867
MODELFILE04_Test_062_29_06_2025_20_10_03,8.711521924961497
MODELFILE04_Test_063_29_06_2025_20_10_03,8.711673656400793
MODELFILE04_Test_064_29_06_2025_20_10_03,7.854808614710991
MODELFILE04_Test_066_29_06_2025_21_13_05,9.311437431310281
MODELFILE04_Test_067_29_06_2025_21_13_05,9.311130162310976
MODELFILE04_Test_068_29_06_2025_21_13_05,8.71139217209033
MODELFILE04_Test_069_29_06_2025_21_13_05,8.711651228962694
MODELFILE04_Test_071_29_06_2025_21_13_05,8.711536523646245
MODELFILE04_Test_072_29_06_2025_21_13_05,9.31114984593689
MODELFILE04_Test_073_29_06_2025_21_13_05,9.311261322732438
MODELFILE04_Test_074_29_06_2025_21_13_06,8.711367167928973
MODELFILE04_Test_075_29_06_2025_21_13_06,0.31478625674198996
MODELFILE04_Test_076_29_06_2025_21_13_06,9.31128431128691
MODELFILE04_Test_077_29_06_2025_21_13_06,9.311311596840607
MODELFILE04_Test_078_29_06_2025_21_13_06,6.0467476025788045
MODELFILE04_Test_079_29_06_2025_21_13_06,10.241810648139662
MODELFILE04_Test_080_29_06_2025_21_13_06,1.0733740442246809
MODELFILE04_Test_081_29_06_2025_21_13_06,9.911201561141828
MODELFILE04_Test_082_29_06_2025_21_13_06,9.31107300325279
MODELFILE04_Test_083_29_06_2025_21_13_06,9.311488839842099
MODELFILE04_Test_084_29_06_2025_21_13_06,7.512089768943731
MODELFILE04_Test_085_29_06_2025_21_13_06,9.31109443957839
MODELFILE04_Test_086_29_06_2025_21_13_06,9.00540808541546
MODELFILE04_Test_087_29_06_2025_21_13_06,0.6970142593960575
MODELFILE04_Test_089_29_06_2025_21_13_06,8.71148832260311
MODELFILE04_Test_090_29_06_2025_21_13_06,0.7274014338095875
MODELFILE04_Test_091_29_06_2025_21_13_06,9.311485700053204
MODELFILE04_Test_092_29_06_2025_21_13_06,9.311297955469916
MODELFILE04_Test_093_29_06_2025_21_13_06,10.195741241062528
MODELFILE04_Test_094_29_06_2025_21_13_06,4.723384236879516
MODELFILE04_Test_095_29_06_2025_21_13_06,10.111782934219027
MODELFILE04_Test_096_29_06_2025_21_13_06,8.111669750241552
MODELFILE04_Test_097_29_06_2025_22_17_29,9.910988910192435
MODELFILE04_Test_098_29_06_2025_22_17_29,8.711424899554029
MODELFILE04_Test_099_29_06_2025_22_17_29,9.311452824220606
MODELFILE04_Test_100_29_06_2025_22_17_29,9.311239441894656
MODELFILE04_Test_101_29_06_2025_22_17_29,9.911205473159276
MODELFILE04_Test_102_29_06_2025_22_17_29,8.711318988719023
MODELFILE04_Test_103_29_06_2025_22_17_29,9.911229934976888
MODELFILE04_Test_104_29_06_2025_22_17_29,9.31116481320116
MODELFILE04_Test_105_29_06_2025_22_17_29,9.311237489106688
MODELFILE04_Test_106_29_06_2025_22_17_29,4.843642111235265
MODELFILE04_Test_107_29_06_2025_22_17_29,10.294990313761446
MODELFILE04_Test_108_29_06_2025_22_17_29,7.512196439416511
MODELFILE04_Test_109_29_06_2025_22_17_29,2.1209378849470992
MODELFILE04_Test_110_29_06_2025_22_17_29,2.154412316252221
MODELFILE04_Test_111_29_06_2025_22_17_29,2.616278865792764
MODELFILE04_Test_112_29_06_2025_22_17_29,9.910961589399562
MODELFILE04_Test_113_29_06_2025_22_17_29,9.311286773769817
MODELFILE04_Test_114_29_06_2025_22_17_29,9.311465657841909
MODELFILE04_Test_115_29_06_2025_22_17_29,9.311516773050178
MODELFILE04_Test_117_29_06_2025_22_17_29,8.711554956803704
MODELFILE04_Test_118_29_06_2025_22_17_29,9.311029845602773
MODELFILE04_Test_119_29_06_2025_22_17_29,9.910965010425274
MODELFILE04_Test_120_29_06_2025_22_17_29,9.311272891834085
MODELFILE04_Test_121_29_06_2025_22_17_29,9.31125694386843
MODELFILE04_Test_122_29_06_2025_22_17_29,8.711313677362075
MODELFILE04_Test_123_29_06_2025_22_17_29,9.911197515297038
MODELFILE04_Test_124_29_06_2025_22_17_29,1.3461067563684674
MODELFILE04_Test_125_29_06_2025_22_17_29,2.155436633634976
MODELFILE04_Test_126_29_06_2025_22_17_29,3.114662644303936
MODELFILE04_Test_127_29_06_2025_22_17_29,9.911074191019324
MODELFILE04_Test_128_29_06_2025_22_17_29,7.5121530173421585
MODELFILE05_Test_001_29_06_2025_23_29_10,10.210770205413167
MODELFILE05_Test_002_29_06_2025_23_29_10,9.311130865927728
MODELFILE05_Test_003_29_06_2025_23_29_10,9.31100625411739
MODELFILE05_Test_004_29_06_2025_23_29_10,0.9704113780907768
MODELFILE05_Test_005_29_06_2025_23_29_10,0.5523632645982657
MODELFILE05_Test_006_29_06_2025_23_29_10,7.512144090142176
MODELFILE05_Test_007_29_06_2025_23_29_10,7.512090947212838
MODELFILE05_Test_008_29_06_2025_23_29_10,2.17357033269238
MODELFILE05_Test_009_29_06_2025_23_29_10,3.0599651452081367
MODELFILE05_Test_010_29_06_2025_23_29_10,2.3819442593008073
MODELFILE05_Test_011_29_06_2025_23_29_10,9.31106498084227
MODELFILE05_Test_012_29_06_2025_23_29_10,9.911210421874252
MODELFILE05_Test_013_29_06_2025_23_29_10,8.711354291502241
MODELFILE05_Test_014_29_06_2025_23_29_10,10.177596166692783
MODELFILE05_Test_015_29_06_2025_23_29_10,8.711318862899956
MODELFILE05_Test_017_29_06_2025_23_29_10,1.2200439449833145
MODELFILE05_Test_018_29_06_2025_23_29_10,9.311306707974813
MODELFILE05_Test_019_29_06_2025_23_29_10,8.71138099192532
MODELFILE05_Test_020_29_06_2025_23_29_10,9.31117529470694
MODELFILE05_Test_021_29_06_2025_23_29_10,10.118202286677533
MODELFILE05_Test_022_29_06_2025_23_29_10,8.711328320317087
MODELFILE05_Test_023_29_06_2025_23_29_10,9.311033926464438
MODELFILE05_Test_024_29_06_2025_23_29_10,0.9996319371401846
MODELFILE05_Test_025_29_06_2025_23_29_10,9.311311327797663
MODELFILE05_Test_026_29_06_2025_23_29_10,9.311000742032872
MODELFILE05_Test_027_29_06_2025_23_29_10,9.3111782448595
MODELFILE05_Test_028_29_06_2025_23_29_10,1.107667798682252
MODELFILE05_Test_029_29_06_2025_23_29_10,9.311379126818652
MODELFILE05_Test_030_29_06_2025_23_29_10,2.1402032796860344
MODELFILE05_Test_031_29_06_2025_23_29_10,9.311162215854006
MODELFILE05_Test_032_29_06_2025_23_29_10,9.311024512420556
MODELFILE05_Test_033_30_06_2025_00_37_22,9.311005258176419
MODELFILE05_Test_034_30_06_2025_00_37_22,2.198972690875714
MODELFILE05_Test_035_30_06_2025_00_37_22,0.4593772626982568
MODELFILE05_Test_036_30_06_2025_00_37_22,9.311052937321445
MODELFILE05_Test_037_30_06_2025_00_37_22,9.910987978313665
MODELFILE05_Test_038_30_06_2025_00_37_22,0.6109303586709735
MODELFILE05_Test_039_30_06_2025_00_37_22,8.71137894041924
MODELFILE05_Test_040_30_06_2025_00_37_22,8.711377752192579
MODELFILE05_Test_041_30_06_2025_00_37_22,9.311251515109827
MODELFILE05_Test_042_30_06_2025_00_37_22,0.493471141753573
MODELFILE05_Test_043_30_06_2025_00_37_22,9.311052667436774
MODELFILE05_Test_044_30_06_2025_00_37_22,9.311049852755081
MODELFILE05_Test_045_30_06_2025_00_37_22,2.480668824598628
MODELFILE05_Test_046_30_06_2025_00_37_22,2.079079854387998
MODELFILE05_Test_047_30_06_2025_00_37_22,9.911240714809137
MODELFILE05_Test_048_30_06_2025_00_37_22,9.311284509681146
MODELFILE05_Test_049_30_06_2025_00_37_22,8.711685959334215
MODELFILE05_Test_050_30_06_2025_00_37_22,0.8594525029807164
MODELFILE05_Test_051_30_06_2025_00_37_22,0.7524552936609135
MODELFILE05_Test_052_30_06_2025_00_37_22,9.311249267569643
MODELFILE05_Test_053_30_06_2025_00_37_22,8.711437146906443
MODELFILE05_Test_054_30_06_2025_00_37_22,9.311290837247062
MODELFILE05_Test_055_30_06_2025_00_37_22,2.8925265463768817
MODELFILE05_Test_056_30_06_2025_00_37_22,9.311240622992168
MODELFILE05_Test_057_30_06_2025_00_37_22,0.2350983229212978
MODELFILE05_Test_058_30_06_2025_00_37_22,10.141387858072283
MODELFILE05_Test_059_30_06_2025_00_37_22,5.450878912090769
MODELFILE05_Test_060_30_06_2025_00_37_22,2.540684941011937
MODELFILE05_Test_061_30_06_2025_00_37_22,9.9109310243891
MODELFILE05_Test_062_30_06_2025_00_37_22,7.512231798930002
MODELFILE05_Test_063_30_06_2025_00_37_22,9.311285119195686
MODELFILE05_Test_066_30_06_2025_01_43_55,9.910918107180589
MODELFILE05_Test_067_30_06_2025_01_43_55,8.71131149470042
MODELFILE05_Test_068_30_06_2025_01_43_55,9.311470610114622
MODELFILE05_Test_069_30_06_2025_01_43_55,8.71178896464047
MODELFILE05_Test_070_30_06_2025_01_43_55,0.7879079870999782
MODELFILE05_Test_071_30_06_2025_01_43_55,10.1378216564775
MODELFILE05_Test_072_30_06_2025_01_43_55,1.4075406306386993
MODELFILE05_Test_073_30_06_2025_01_43_55,8.111810781699347
MODELFILE05_Test_074_30_06_2025_01_43_55,9.31135121428099
MODELFILE05_Test_075_30_06_2025_01_43_55,9.311106768433367
MODELFILE05_Test_077_30_06_2025_01_43_55,8.71134951222022
MODELFILE05_Test_078_30_06_2025_01_43_55,7.641497907488991
MODELFILE05_Test_079_30_06_2025_01_43_55,10.158578069039276
MODELFILE05_Test_080_30_06_2025_01_43_55,0.5505972955140521
MODELFILE05_Test_081_30_06_2025_01_43_55,10.287577272037556
MODELFILE05_Test_082_30_06_2025_01_43_55,9.311032292931484
MODELFILE05_Test_083_30_06_2025_01_43_55,9.910999781446817
MODELFILE05_Test_084_30_06_2025_01_43_55,0.5338436498723638
MODELFILE05_Test_085_30_06_2025_01_43_55,2.2680858977458698
MODELFILE05_Test_086_30_06_2025_01_43_55,8.711598929139567
MODELFILE05_Test_087_30_06_2025_01_43_55,8.711342326794469
MODELFILE05_Test_088_30_06_2025_01_43_55,0.6417581778238564
MODELFILE05_Test_089_30_06_2025_01_43_55,9.311292419922104
MODELFILE05_Test_090_30_06_2025_01_43_55,9.311064533911262
MODELFILE05_Test_091_30_06_2025_01_43_55,8.711311547501683
MODELFILE05_Test_092_30_06_2025_01_43_55,0.45351152842771264
MODELFILE05_Test_093_30_06_2025_01_43_55,8.111732278530882
MODELFILE05_Test_095_30_06_2025_01_43_55,7.512150276654561
MODELFILE05_Test_096_30_06_2025_01_43_55,8.71159188704741
MODELFILE05_Test_098_30_06_2025_02_47_18,9.911198379117971
MODELFILE05_Test_099_30_06_2025_02_47_18,2.112786766569925
MODELFILE05_Test_100_30_06_2025_02_47_18,9.31120181666251
MODELFILE05_Test_101_30_06_2025_02_47_18,8.711607967099074
MODELFILE05_Test_102_30_06_2025_02_47_18,0.4504462238760402
MODELFILE05_Test_103_30_06_2025_02_47_18,8.711408249291242
MODELFILE05_Test_104_30_06_2025_02_47_18,3.8310236841448315
MODELFILE05_Test_105_30_06_2025_02_47_18,9.311242802157953
MODELFILE05_Test_106_30_06_2025_02_47_18,7.172163011352013
MODELFILE05_Test_107_30_06_2025_02_47_18,8.711684194366772
MODELFILE05_Test_108_30_06_2025_02_47_18,9.31122567808247
MODELFILE05_Test_109_30_06_2025_02_47_18,10.200208901916708
MODELFILE05_Test_110_30_06_2025_02_47_18,8.111702109579923
MODELFILE05_Test_111_30_06_2025_02_47_18,7.504842140432854
MODELFILE05_Test_112_30_06_2025_02_47_18,2.0915756328567245
MODELFILE05_Test_113_30_06_2025_02_47_18,9.311001064546069
MODELFILE05_Test_114_30_06_2025_02_47_18,9.911142829981893
MODELFILE05_Test_115_30_06_2025_02_47_18,9.91123604571436
MODELFILE05_Test_116_30_06_2025_02_47_18,0.36479363390620584
MODELFILE05_Test_117_30_06_2025_02_47_18,8.711374961054258
MODELFILE05_Test_118_30_06_2025_02_47_18,9.311286634471408
MODELFILE05_Test_119_30_06_2025_02_47_18,8.711313151811128
MODELFILE05_Test_120_30_06_2025_02_47_18,2.148401947253861
MODELFILE05_Test_121_30_06_2025_02_47_18,8.711509046711797
MODELFILE05_Test_122_30_06_2025_02_47_18,9.911207621243948
MODELFILE05_Test_123_30_06_2025_02_47_18,9.911078281046002
MODELFILE05_Test_124_30_06_2025_02_47_18,2.1278852219337736
MODELFILE05_Test_125_30_06_2025_02_47_18,8.711401376033875
MODELFILE05_Test_126_30_06_2025_02_47_18,8.7113122054421
MODELFILE05_Test_127_30_06_2025_02_47_18,2.1483321984031303
MODELFILE05_Test_128_30_06_2025_02_47_18,9.911229934976888
MODELFILE06_Test_001_30_06_2025_06_37_46,8.438701103846494
MODELFILE06_Test_002_30_06_2025_06_37_46,8.711538401221231
MODELFILE06_Test_003_30_06_2025_06_37_46,4.748330764006736
MODELFILE06_Test_004_30_06_2025_06_37_46,3.2207264878237085
MODELFILE06_Test_005_30_06_2025_06_37_46,8.71160786452048
MODELFILE06_Test_006_30_06_2025_06_37_46,2.1587154258030554
MODELFILE06_Test_007_30_06_2025_06_37_46,8.711622695213707
MODELFILE06_Test_008_30_06_2025_06_37_46,10.110494676098096
MODELFILE06_Test_009_30_06_2025_06_37_46,0.888875581591581
MODELFILE06_Test_010_30_06_2025_06_37_46,7.975466154054635
MODELFILE06_Test_011_30_06_2025_06_37_46,3.2181065373147377
MODELFILE06_Test_012_30_06_2025_06_37_46,2.102015341254399
MODELFILE06_Test_013_30_06_2025_06_37_46,4.028147485544595
MODELFILE06_Test_014_30_06_2025_06_37_46,9.311291660479887
MODELFILE06_Test_015_30_06_2025_06_37_46,0.533073654009176
MODELFILE06_Test_016_30_06_2025_06_37_46,0.5227380289241466
MODELFILE06_Test_017_30_06_2025_06_37_46,2.084681799775367
MODELFILE06_Test_018_30_06_2025_06_37_46,1.4742353847356597
MODELFILE06_Test_019_30_06_2025_06_37_46,9.311296495367825
MODELFILE06_Test_020_30_06_2025_06_37_46,0.94269305203989
MODELFILE06_Test_021_30_06_2025_06_37_46,9.311045633364069
MODELFILE06_Test_022_30_06_2025_06_37_46,2.1085062291687544
MODELFILE06_Test_023_30_06_2025_06_37_46,2.131887430413472
MODELFILE06_Test_024_30_06_2025_06_37_46,5.334114000593907
MODELFILE06_Test_025_30_06_2025_06_37_46,2.083105159980416
MODELFILE06_Test_026_30_06_2025_06_37_46,9.31106378607639
MODELFILE06_Test_027_30_06_2025_06_37_46,6.6315175293978115
MODELFILE06_Test_028_30_06_2025_06_37_46,9.419479718399124
MODELFILE06_Test_029_30_06_2025_06_37_46,7.5121341748051025
MODELFILE06_Test_030_30_06_2025_06_37_46,8.711612886041772
MODELFILE06_Test_031_30_06_2025_06_37_46,8.71136710756132
MODELFILE06_Test_032_30_06_2025_06_37_46,0.9560000496749584
MODELFILE06_Test_033_30_06_2025_07_46_08,4.072192953663656
MODELFILE06_Test_035_30_06_2025_07_46_08,0.4231560750146969
MODELFILE06_Test_036_30_06_2025_07_46_08,0.41495475476711974
MODELFILE06_Test_037_30_06_2025_07_46_08,2.1161389732780567
MODELFILE06_Test_039_30_06_2025_07_46_08,2.7587506806977276
MODELFILE06_Test_040_30_06_2025_07_46_08,0.4680875904952928
MODELFILE06_Test_041_30_06_2025_07_46_08,2.1501611824767783
MODELFILE06_Test_042_30_06_2025_07_46_08,9.311163872619257
MODELFILE06_Test_043_30_06_2025_07_46_08,0.4592262060403245
MODELFILE06_Test_044_30_06_2025_07_46_08,2.101112493815624
MODELFILE06_Test_045_30_06_2025_07_46_08,4.080290947207515
MODELFILE06_Test_046_30_06_2025_07_46_08,7.916119752718696
MODELFILE06_Test_047_30_06_2025_07_46_08,0.5742608154121434
MODELFILE06_Test_048_30_06_2025_07_46_08,8.711313419519183
MODELFILE06_Test_049_30_06_2025_07_46_08,9.311107050438363
MODELFILE06_Test_050_30_06_2025_07_46_08,2.793801798221489
MODELFILE06_Test_051_30_06_2025_07_46_08,2.550048552587025
MODELFILE06_Test_052_30_06_2025_07_46_08,1.490512005520316
MODELFILE06_Test_053_30_06_2025_07_46_08,2.0426158238055616
MODELFILE06_Test_054_30_06_2025_07_46_08,9.311267977791807
MODELFILE06_Test_055_30_06_2025_07_46_08,2.114829967122235
MODELFILE06_Test_056_30_06_2025_07_46_08,8.71131593143897
MODELFILE06_Test_057_30_06_2025_07_46_08,8.711493602908602
MODELFILE06_Test_058_30_06_2025_07_46_08,0.6049094370963775
MODELFILE06_Test_059_30_06_2025_07_46_08,11.110769414544404
MODELFILE06_Test_060_30_06_2025_07_46_08,9.31118801700882
MODELFILE06_Test_061_30_06_2025_07_46_08,9.311097332923936
MODELFILE06_Test_062_30_06_2025_07_46_08,8.311741483624786
MODELFILE06_Test_063_30_06_2025_07_46_08,9.31120245336237
MODELFILE06_Test_064_30_06_2025_07_46_08,3.122188103417335
MODELFILE06_Test_065_30_06_2025_08_51_30,2.1273254635589542
MODELFILE06_Test_067_30_06_2025_08_51_30,2.1180623959627143
MODELFILE06_Test_068_30_06_2025_08_51_30,2.1034199669460185
MODELFILE06_Test_069_30_06_2025_08_51_30,2.0898681281671014
MODELFILE06_Test_070_30_06_2025_08_51_30,0.9652512107001535
MODELFILE06_Test_071_30_06_2025_08_51_30,7.414843348739988
MODELFILE06_Test_072_30_06_2025_08_51_30,10.103871451560154
MODELFILE06_Test_073_30_06_2025_08_51_30,2.1145363439120897
MODELFILE06_Test_074_30_06_2025_08_51_30,2.513632514224689
MODELFILE06_Test_075_30_06_2025_08_51_30,2.1615193273443762
MODELFILE06_Test_076_30_06_2025_08_51_30,2.1475475369087236
MODELFILE06_Test_077_30_06_2025_08_51_30,9.311001413222941
MODELFILE06_Test_078_30_06_2025_08_51_30,2.1114449975086353
MODELFILE06_Test_079_30_06_2025_08_51_30,9.3112761863064
MODELFILE06_Test_080_30_06_2025_08_51_30,0.4232280039464708
MODELFILE06_Test_081_30_06_2025_08_51_30,0.2017290613368918
MODELFILE06_Test_082_30_06_2025_08_51_30,8.71155117688481
MODELFILE06_Test_083_30_06_2025_08_51_30,8.711318498987222
MODELFILE06_Test_084_30_06_2025_08_51_30,9.311465733854787
MODELFILE06_Test_085_30_06_2025_08_51_30,4.060081432124545
MODELFILE06_Test_086_30_06_2025_08_51_30,9.91092979510855
MODELFILE06_Test_088_30_06_2025_08_51_30,8.11173393000093
MODELFILE06_Test_089_30_06_2025_08_51_30,0.5786968094143204
MODELFILE06_Test_090_30_06_2025_08_51_30,9.311006821239665
MODELFILE06_Test_091_30_06_2025_08_51_30,2.1503209677391246
MODELFILE06_Test_092_30_06_2025_08_51_30,2.1249877894361986
MODELFILE06_Test_093_30_06_2025_08_51_30,3.0463264726569608
MODELFILE06_Test_094_30_06_2025_08_51_30,0.5820328925256003
MODELFILE06_Test_095_30_06_2025_08_51_30,0.5172018958639159
MODELFILE06_Test_096_30_06_2025_08_51_30,2.5004964160098933
MODELFILE06_Test_097_30_06_2025_09_57_13,7.232445913802598
MODELFILE06_Test_098_30_06_2025_09_57_13,0.33145616085974694
MODELFILE06_Test_099_30_06_2025_09_57_13,2.1483498575657243
MODELFILE06_Test_100_30_06_2025_09_57_13,2.0989590443280033
MODELFILE06_Test_101_30_06_2025_09_57_13,9.311466119969536
MODELFILE06_Test_102_30_06_2025_09_57_13,9.311286216103458
MODELFILE06_Test_103_30_06_2025_09_57_13,7.512140065237869
MODELFILE06_Test_104_30_06_2025_09_57_13,7.5121341748051025
MODELFILE06_Test_105_30_06_2025_09_57_13,0.49129923942472015
MODELFILE06_Test_106_30_06_2025_09_57_13,9.311108220917461
MODELFILE06_Test_107_30_06_2025_09_57_13,2.121733401038208
MODELFILE06_Test_109_30_06_2025_09_57_13,8.711554743906396
MODELFILE06_Test_110_30_06_2025_09_57_13,1.9115655872475332
MODELFILE06_Test_111_30_06_2025_09_57_13,0.3480442840564643
MODELFILE06_Test_112_30_06_2025_09_57_13,8.711440262630806
MODELFILE06_Test_113_30_06_2025_09_57_13,8.711393458283439
MODELFILE06_Test_114_30_06_2025_09_57_13,8.711655041991659
MODELFILE06_Test_115_30_06_2025_09_57_13,2.0744380290362012
MODELFILE06_Test_116_30_06_2025_09_57_13,0.8586676925978604
MODELFILE06_Test_117_30_06_2025_09_57_13,2.0841830881675505
MODELFILE06_Test_118_30_06_2025_09_57_13,2.133118550341031
MODELFILE06_Test_119_30_06_2025_09_57_13,8.71133716695856
MODELFILE06_Test_120_30_06_2025_09_57_13,3.107130493427272
MODELFILE06_Test_121_30_06_2025_09_57_13,9.31110390973529
MODELFILE06_Test_122_30_06_2025_09_57_13,0.3622157360672184
MODELFILE06_Test_123_30_06_2025_09_57_13,8.711508915099152
MODELFILE06_Test_124_30_06_2025_09_57_13,7.51213966855085
MODELFILE06_Test_125_30_06_2025_09_57_13,2.0868310192024593
MODELFILE06_Test_126_30_06_2025_09_57_13,10.186882288355397
MODELFILE06_Test_127_30_06_2025_09_57_13,10.201375361132781
MODELFILE06_Test_128_30_06_2025_09_57_13,2.13840602537094
MODELFILE07_Test_001_30_06_2025_11_09_08,2.1360948609371437
MODELFILE07_Test_002_30_06_2025_11_09_08,4.039572186222159
MODELFILE07_Test_003_30_06_2025_11_09_08,9.311398716153207
MODELFILE07_Test_004_30_06_2025_11_09_08,2.9181686331371655
MODELFILE07_Test_005_30_06_2025_11_09_08,8.213438461223973
MODELFILE07_Test_006_30_06_2025_11_09_08,0.7163748484792275
MODELFILE07_Test_007_30_06_2025_11_09_08,2.1343253170673426
MODELFILE07_Test_008_30_06_2025_11_09_08,9.051776903990877
MODELFILE07_Test_009_30_06_2025_11_09_08,8.711538636322421
MODELFILE07_Test_010_30_06_2025_11_09_08,8.711592669345722
MODELFILE07_Test_011_30_06_2025_11_09_08,2.3717691644579224
MODELFILE07_Test_012_30_06_2025_11_09_08,0.3126033151233955
MODELFILE07_Test_013_30_06_2025_11_09_08,8.711313677362075
MODELFILE07_Test_014_30_06_2025_11_09_08,2.615746307567254
MODELFILE07_Test_015_30_06_2025_11_09_08,3.155028442729512
MODELFILE07_Test_016_30_06_2025_11_09_08,9.680251475494824
MODELFILE07_Test_017_30_06_2025_11_09_08,9.669281735758291
MODELFILE07_Test_018_30_06_2025_11_09_08,9.911210074977657
MODELFILE07_Test_019_30_06_2025_11_09_08,1.9653879476034537
MODELFILE07_Test_020_30_06_2025_11_09_08,2.3506458681078795
MODELFILE07_Test_021_30_06_2025_11_09_08,7.512319073389978
MODELFILE07_Test_022_30_06_2025_11_09_08,9.911082707491895
MODELFILE07_Test_023_30_06_2025_11_09_08,8.111736016930548
MODELFILE07_Test_024_30_06_2025_11_09_08,9.650685270646113
MODELFILE07_Test_025_30_06_2025_11_09_08,2.2803758515893775
MODELFILE07_Test_026_30_06_2025_11_09_08,8.711343192089908
MODELFILE07_Test_027_30_06_2025_11_09_08,2.105552318029937
MODELFILE07_Test_028_30_06_2025_11_09_08,1.5225053374145379
MODELFILE07_Test_029_30_06_2025_11_09_08,9.911194839611175
MODELFILE07_Test_030_30_06_2025_11_09_08,1.1408336058986703
MODELFILE07_Test_031_30_06_2025_11_09_08,9.911004822564786
MODELFILE07_Test_032_30_06_2025_11_09_08,9.311286773769817
MODELFILE07_Test_033_30_06_2025_12_17_40,9.31105062422191
MODELFILE07_Test_034_30_06_2025_12_17_40,5.701051552189145
MODELFILE07_Test_035_30_06_2025_12_17_40,6.913139147135393
MODELFILE07_Test_036_30_06_2025_12_17_40,10.302574848395095
MODELFILE07_Test_037_30_06_2025_12_17_40,10.27385163297779
MODELFILE07_Test_038_30_06_2025_12_17_40,2.115662047874194
MODELFILE07_Test_039_30_06_2025_12_17_40,8.71134116253533
MODELFILE07_Test_041_30_06_2025_12_17_40,10.179972311568694
MODELFILE07_Test_042_30_06_2025_12_17_40,9.311142789378154
MODELFILE07_Test_043_30_06_2025_12_17_40,7.247660327519745
MODELFILE07_Test_044_30_06_2025_12_17_40,8.71138556521614
MODELFILE07_Test_045_30_06_2025_12_17_40,0.5318903171301232
MODELFILE07_Test_046_30_06_2025_12_17_40,4.875222163294962
MODELFILE07_Test_047_30_06_2025_12_17_40,9.311235619629793
MODELFILE07_Test_048_30_06_2025_12_17_40,9.311509185642837
MODELFILE07_Test_049_30_06_2025_12_17_40,8.71136710756132
MODELFILE07_Test_050_30_06_2025_12_17_40,2.1221891320855932
MODELFILE07_Test_051_30_06_2025_12_17_40,10.103234120159131
MODELFILE07_Test_052_30_06_2025_12_17_40,2.8823861430441826
MODELFILE07_Test_053_30_06_2025_12_17_40,1.0350332259082602
MODELFILE07_Test_054_30_06_2025_12_17_40,0.6612576072693211
MODELFILE07_Test_055_30_06_2025_12_17_40,9.311052017170208
MODELFILE07_Test_056_30_06_2025_12_17_40,2.128756793885785
MODELFILE07_Test_057_30_06_2025_12_17_40,9.31129808919183
MODELFILE07_Test_058_30_06_2025_12_17_40,7.089739995200783
MODELFILE07_Test_059_30_06_2025_12_17_40,8.711814131807154
MODELFILE07_Test_060_30_06_2025_12_17_40,9.112386719788736
MODELFILE07_Test_061_30_06_2025_12_17_40,9.311262878314094
MODELFILE07_Test_062_30_06_2025_12_17_40,9.3114661560698
MODELFILE07_Test_063_30_06_2025_12_17_40,9.311239613243883
MODELFILE07_Test_064_30_06_2025_12_17_40,9.311043868818834
MODELFILE07_Test_068_30_06_2025_13_24_22,8.711384112628009
MODELFILE07_Test_069_30_06_2025_13_24_22,9.311295526734607
MODELFILE07_Test_070_30_06_2025_13_24_22,2.161860589991684
MODELFILE07_Test_071_30_06_2025_13_24_22,2.435311758929802
MODELFILE07_Test_072_30_06_2025_13_24_22,8.111675755921244
MODELFILE07_Test_073_30_06_2025_13_24_22,2.084913666566301
MODELFILE07_Test_074_30_06_2025_13_24_22,2.577810794473621
MODELFILE07_Test_075_30_06_2025_13_24_23,8.98277377389217
MODELFILE07_Test_076_30_06_2025_13_24_23,9.311244226722131
MODELFILE07_Test_077_30_06_2025_13_24_23,0.5008023567294748
MODELFILE07_Test_078_30_06_2025_13_24_23,9.911190401385022
MODELFILE07_Test_079_30_06_2025_13_24_23,3.0177217625319277
MODELFILE07_Test_080_30_06_2025_13_24_23,9.26064849759505
MODELFILE07_Test_081_30_06_2025_13_24_23,2.500905012995403
MODELFILE07_Test_082_30_06_2025_13_24_23,2.1547989494587494
MODELFILE07_Test_083_30_06_2025_13_24_23,8.111723320625531
MODELFILE07_Test_084_30_06_2025_13_24_23,9.910904619079282
MODELFILE07_Test_085_30_06_2025_13_24_23,9.311387008844271
MODELFILE07_Test_086_30_06_2025_13_24_23,7.2930270267406545
MODELFILE07_Test_088_30_06_2025_13_24_23,0.14878843449953094
MODELFILE07_Test_089_30_06_2025_13_24_23,2.149909297931278
MODELFILE07_Test_090_30_06_2025_13_24_23,8.642429975972375
MODELFILE07_Test_091_30_06_2025_13_24_23,2.226884008159473
MODELFILE07_Test_092_30_06_2025_13_24_23,0.8941736716773155
MODELFILE07_Test_093_30_06_2025_13_24_23,8.711377206334188
MODELFILE07_Test_094_30_06_2025_13_24_23,9.311043041918515
MODELFILE07_Test_095_30_06_2025_13_24_23,4.373296294975735
MODELFILE07_Test_096_30_06_2025_13_24_23,8.54430789128616
MODELFILE07_Test_097_30_06_2025_14_26_46,2.1398656029353513
MODELFILE07_Test_098_30_06_2025_14_26_46,2.1504426660079363
MODELFILE07_Test_099_30_06_2025_14_26_46,7.3061936318083465
MODELFILE07_Test_100_30_06_2025_14_26_46,8.711527819867575
MODELFILE07_Test_101_30_06_2025_14_26_46,2.1190135960761722
MODELFILE07_Test_102_30_06_2025_14_26_46,2.120840645472952
MODELFILE07_Test_103_30_06_2025_14_26_46,10.108469822802011
MODELFILE07_Test_104_30_06_2025_14_26_46,9.311286832999087
MODELFILE07_Test_105_30_06_2025_14_26_46,2.1931382935726926
MODELFILE07_Test_106_30_06_2025_14_26_46,2.149253736316452
MODELFILE07_Test_107_30_06_2025_14_26_46,7.457576231537271
MODELFILE07_Test_108_30_06_2025_14_26_46,2.68366500407528
MODELFILE07_Test_109_30_06_2025_14_26_46,9.009528885223924
MODELFILE07_Test_110_30_06_2025_14_26_46,7.598501293073271
MODELFILE07_Test_111_30_06_2025_14_26_46,9.311104853601513
MODELFILE07_Test_112_30_06_2025_14_26_46,0.27068430568832
MODELFILE07_Test_113_30_06_2025_14_26_46,2.266938006740988
MODELFILE07_Test_114_30_06_2025_14_26_46,9.910940858692564
MODELFILE07_Test_115_30_06_2025_14_26_46,9.311287477634622
MODELFILE07_Test_116_30_06_2025_14_26_46,1.7269231485911356
MODELFILE07_Test_117_30_06_2025_14_26_46,9.311097249518053
MODELFILE07_Test_118_30_06_2025_14_26_46,2.140408458060694
MODELFILE07_Test_119_30_06_2025_14_26_46,9.91105954659025
MODELFILE07_Test_121_30_06_2025_14_26_46,6.574562029464398
MODELFILE07_Test_122_30_06_2025_14_26_46,10.164041264405675
MODELFILE07_Test_123_30_06_2025_14_26_46,2.14329968667771
MODELFILE07_Test_125_30_06_2025_14_26_46,2.6561624403549695
MODELFILE07_Test_126_30_06_2025_14_26_46,2.976217585611068
MODELFILE07_Test_127_30_06_2025_14_26_46,5.54322273155366
MODELFILE07_Test_128_30_06_2025_14_26_46,5.348300026627158
MODELFILE08_Test_001_30_06_2025_16_18_58,8.111719041436643
MODELFILE08_Test_002_30_06_2025_16_18_58,1.0638476361813325
MODELFILE08_Test_003_30_06_2025_16_18_58,7.5121385435144195
MODELFILE08_Test_004_30_06_2025_16_18_58,0.7504306792349982
MODELFILE08_Test_005_30_06_2025_16_18_58,8.358668947198671
MODELFILE08_Test_007_30_06_2025_16_18_58,8.752240571616818
MODELFILE08_Test_008_30_06_2025_16_18_58,9.311255112837314
MODELFILE08_Test_009_30_06_2025_16_18_58,9.311214447130167
MODELFILE08_Test_010_30_06_2025_16_18_58,10.214495434581535
MODELFILE08_Test_011_30_06_2025_16_18_58,3.064317315150304
MODELFILE08_Test_012_30_06_2025_16_18_58,0.6173323205337294
MODELFILE08_Test_013_30_06_2025_16_18_58,8.11194314379389
MODELFILE08_Test_014_30_06_2025_16_18_58,7.512121587874615
MODELFILE08_Test_015_30_06_2025_16_18_58,9.911210209725722
MODELFILE08_Test_016_30_06_2025_16_18_58,0.4988314993896724
MODELFILE08_Test_017_30_06_2025_16_18_58,1.2249652643296416
MODELFILE08_Test_019_30_06_2025_16_18_58,9.91086250508536
MODELFILE08_Test_020_30_06_2025_16_18_58,9.31147424484425
MODELFILE08_Test_021_30_06_2025_16_18_58,0.1833847656102316
MODELFILE08_Test_022_30_06_2025_16_18_58,2.649401667742892
MODELFILE08_Test_024_30_06_2025_16_18_58,4.425440311841793
MODELFILE08_Test_025_30_06_2025_16_18_58,0.2214827292533198
MODELFILE08_Test_026_30_06_2025_16_18_58,8.711311681982309
MODELFILE08_Test_027_30_06_2025_16_18_58,2.1224809109261864
MODELFILE08_Test_028_30_06_2025_16_18_58,8.711312883098092
MODELFILE08_Test_029_30_06_2025_16_18_58,5.344157777114416
MODELFILE08_Test_030_30_06_2025_16_18_58,9.311436870392148
MODELFILE08_Test_031_30_06_2025_16_18_58,1.9055461844395374
MODELFILE08_Test_032_30_06_2025_16_18_58,7.512150230339483
MODELFILE08_Test_033_30_06_2025_17_23_10,2.444334364045493
MODELFILE08_Test_034_30_06_2025_17_23_10,0.43069583359311614
MODELFILE08_Test_035_30_06_2025_17_23_10,8.111699790902858
MODELFILE08_Test_036_30_06_2025_17_23_10,9.311240499243322
MODELFILE08_Test_037_30_06_2025_17_23_10,9.311029853618011
MODELFILE08_Test_038_30_06_2025_17_23_10,2.124587721671495
MODELFILE08_Test_039_30_06_2025_17_23_10,0.3859787736495335
MODELFILE08_Test_040_30_06_2025_17_23_10,9.911091994782554
MODELFILE08_Test_041_30_06_2025_17_23_10,1.2574518778388357
MODELFILE08_Test_042_30_06_2025_17_23_10,8.711365766388704
MODELFILE08_Test_044_30_06_2025_17_23_10,2.1356059673470726
MODELFILE08_Test_045_30_06_2025_17_23_10,2.107256898671177
MODELFILE08_Test_046_30_06_2025_17_23_10,10.211491706083875
MODELFILE08_Test_047_30_06_2025_17_23_10,9.311141979973318
MODELFILE08_Test_048_30_06_2025_17_23_10,7.476466301705254
MODELFILE08_Test_049_30_06_2025_17_23_10,1.1257404687974293
MODELFILE08_Test_051_30_06_2025_17_23_10,7.310028845747401
MODELFILE08_Test_052_30_06_2025_17_23_10,4.123816188026926
MODELFILE08_Test_053_30_06_2025_17_23_10,9.311285358149394
MODELFILE08_Test_054_30_06_2025_17_23_10,2.1091401809453076
MODELFILE08_Test_055_30_06_2025_17_23_10,5.579936281123283
MODELFILE08_Test_056_30_06_2025_17_23_10,9.3112935105188
MODELFILE08_Test_057_30_06_2025_17_23_10,9.311002253070939
MODELFILE08_Test_058_30_06_2025_17_23_10,3.638234664153861
MODELFILE08_Test_059_30_06_2025_17_23_10,0.9464856399485491
MODELFILE08_Test_060_30_06_2025_17_23_10,1.0193145701289514
MODELFILE08_Test_061_30_06_2025_17_23_10,9.311279094736065
MODELFILE08_Test_062_30_06_2025_17_23_10,8.711360956830255
MODELFILE08_Test_063_30_06_2025_17_23_10,2.132747203544874
MODELFILE08_Test_064_30_06_2025_17_23_10,7.540522540043935
MODELFILE08_Test_066_30_06_2025_18_28_23,9.311052438327227
MODELFILE08_Test_067_30_06_2025_18_28_23,7.7514453760378235
MODELFILE08_Test_068_30_06_2025_18_28_23,9.31126163550099
MODELFILE08_Test_069_30_06_2025_18_28_23,5.684808608248907
MODELFILE08_Test_070_30_06_2025_18_28_23,9.911003281072112
MODELFILE08_Test_071_30_06_2025_18_28_23,8.71139368571225
MODELFILE08_Test_072_30_06_2025_18_28_23,9.311232244866124
MODELFILE08_Test_073_30_06_2025_18_28_23,9.311116382469718
MODELFILE08_Test_074_30_06_2025_18_28_23,1.8748920149487822
MODELFILE08_Test_077_30_06_2025_18_28_23,0.725019246972789
MODELFILE08_Test_078_30_06_2025_18_28_23,6.43537936323157
MODELFILE08_Test_079_30_06_2025_18_28_23,7.954053381760708
MODELFILE08_Test_080_30_06_2025_18_28_23,9.910966347253973
MODELFILE08_Test_081_30_06_2025_18_28_23,7.836276021603387
MODELFILE08_Test_082_30_06_2025_18_28_23,10.510962258503257
MODELFILE08_Test_083_30_06_2025_18_28_23,0.47616801655382723
MODELFILE08_Test_084_30_06_2025_18_28_23,9.017851926521391
MODELFILE08_Test_085_30_06_2025_18_28_23,10.302396439136263
MODELFILE08_Test_086_30_06_2025_18_28_23,0.3541174667848133
MODELFILE08_Test_087_30_06_2025_18_28_23,0.3905533008155852
MODELFILE08_Test_088_30_06_2025_18_28_23,9.311000004803418
MODELFILE08_Test_089_30_06_2025_18_28_23,7.32769722991675
MODELFILE08_Test_090_30_06_2025_18_28_23,8.71156532233259
MODELFILE08_Test_091_30_06_2025_18_28_23,2.0916880412623895
MODELFILE08_Test_092_30_06_2025_18_28_23,9.311179998604029
MODELFILE08_Test_093_30_06_2025_18_28_23,9.311261987235396
MODELFILE08_Test_094_30_06_2025_18_28_23,8.71137974777425
MODELFILE08_Test_095_30_06_2025_18_28_23,10.201861109682442
MODELFILE08_Test_096_30_06_2025_18_28_23,9.911204064246276
MODELFILE08_Test_097_30_06_2025_19_32_06,2.123330413247628
MODELFILE08_Test_098_30_06_2025_19_32_06,4.393402537499125
MODELFILE08_Test_099_30_06_2025_19_32_06,0.32036322693941655
MODELFILE08_Test_100_30_06_2025_19_32_06,2.1537466467688766
MODELFILE08_Test_101_30_06_2025_19_32_06,0.7224645034911037
MODELFILE08_Test_103_30_06_2025_19_32_06,0.32250314762598603
MODELFILE08_Test_104_30_06_2025_19_32_06,1.9273301892397512
MODELFILE08_Test_105_30_06_2025_19_32_06,2.1169166987592027
MODELFILE08_Test_106_30_06_2025_19_32_06,3.971451597010056
MODELFILE08_Test_107_30_06_2025_19_32_06,9.311239211379432
MODELFILE08_Test_108_30_06_2025_19_32_06,2.0904100754434536
MODELFILE08_Test_110_30_06_2025_19_32_06,1.1823554518543886
MODELFILE08_Test_111_30_06_2025_19_32_06,0.1919896600971393
MODELFILE08_Test_112_30_06_2025_19_32_06,0.4088544762215914
MODELFILE08_Test_113_30_06_2025_19_32_06,3.3931391639939026
MODELFILE08_Test_114_30_06_2025_19_32_06,4.573481467449104
MODELFILE08_Test_115_30_06_2025_19_32_06,2.424453965930187
MODELFILE08_Test_116_30_06_2025_19_32_06,4.608252010052951
MODELFILE08_Test_117_30_06_2025_19_32_06,9.910862802023434
MODELFILE08_Test_118_30_06_2025_19_32_06,2.2642343443294974
MODELFILE08_Test_119_30_06_2025_19_32_06,4.080382189490624
MODELFILE08_Test_120_30_06_2025_19_32_06,9.311293346066787
MODELFILE08_Test_121_30_06_2025_19_32_06,9.911001708129266
MODELFILE08_Test_122_30_06_2025_19_32_06,9.311285182241024
MODELFILE08_Test_123_30_06_2025_19_32_06,9.311291146463068
MODELFILE08_Test_124_30_06_2025_19_32_06,2.9013553523178417
MODELFILE08_Test_125_30_06_2025_19_32_06,9.311242495027827
MODELFILE08_Test_126_30_06_2025_19_32_06,2.156900394282035
MODELFILE08_Test_127_30_06_2025_19_32_06,10.226427910912156
MODELFILE08_Test_128_30_06_2025_19_32_06,9.91095110166788
MODELFILE09_Test_001_30_06_2025_20_42_38,0.7103061319686151
MODELFILE09_Test_013_30_06_2025_20_42_38,9.311181602268972
MODELFILE09_Test_024_30_06_2025_20_42_38,3.0646052051120902
MODELFILE09_Test_025_30_06_2025_20_42_38,7.822668199075307
MODELFILE09_Test_026_30_06_2025_20_42_38,8.711315947186245
MODELFILE09_Test_027_30_06_2025_20_42_38,0.890280336822528
MODELFILE09_Test_029_30_06_2025_20_42_38,1.2191647284436413
MODELFILE09_Test_030_30_06_2025_20_42_38,0.9139794519856721
MODELFILE09_Test_031_30_06_2025_20_42_38,9.911201094136976
MODELFILE09_Test_032_30_06_2025_20_42_38,9.31130228701231
MODELFILE10_Test_001_01_07_2025_04_19_42,2.139682173076398
MODELFILE10_Test_002_01_07_2025_04_19_42,2.1453981714430226
MODELFILE10_Test_003_01_07_2025_04_19_42,1.2408742744082324
MODELFILE10_Test_004_01_07_2025_04_19_42,2.0806060173205614
MODELFILE10_Test_005_01_07_2025_04_19_42,9.140036753163061
MODELFILE10_Test_006_01_07_2025_04_19_42,4.282824091193227
MODELFILE10_Test_007_01_07_2025_04_19_42,9.91100496286027
MODELFILE10_Test_008_01_07_2025_04_19_42,0.7329093197316072
MODELFILE10_Test_009_01_07_2025_04_19_42,0.8766963212606897
MODELFILE10_Test_010_01_07_2025_04_19_42,2.0776294408607465
MODELFILE10_Test_011_01_07_2025_04_19_42,2.148576453106376
MODELFILE10_Test_012_01_07_2025_04_19_42,2.1406305135626726
MODELFILE10_Test_014_01_07_2025_04_19_42,9.311187015889715
MODELFILE10_Test_015_01_07_2025_04_19_42,8.711311432791131
MODELFILE10_Test_016_01_07_2025_04_19_42,8.711600348786627
MODELFILE10_Test_018_01_07_2025_04_19_42,0.4698032810124208
MODELFILE10_Test_019_01_07_2025_04_19_42,9.911126827215616
MODELFILE10_Test_020_01_07_2025_04_19_42,8.711564830892861
MODELFILE10_Test_021_01_07_2025_04_19_42,8.443022819626368
MODELFILE10_Test_022_01_07_2025_04_19_42,7.3698246452131
MODELFILE10_Test_023_01_07_2025_04_19_42,8.711313677362075
MODELFILE10_Test_024_01_07_2025_04_19_42,2.6642288741282836
MODELFILE10_Test_025_01_07_2025_04_19_42,1.8654244399824653
MODELFILE10_Test_026_01_07_2025_04_19_42,2.092683139437152
MODELFILE10_Test_027_01_07_2025_04_19_42,0.4369961232288736
MODELFILE10_Test_028_01_07_2025_04_19_42,9.31126056111095
MODELFILE10_Test_030_01_07_2025_04_19_42,0.6708295413618293
MODELFILE10_Test_031_01_07_2025_04_19_42,2.2475819445685183
MODELFILE10_Test_032_01_07_2025_04_19_42,7.319792681872065
MODELFILE10_Test_033_01_07_2025_05_24_15,9.727771704910886
MODELFILE10_Test_034_01_07_2025_05_24_15,6.656251300772465
MODELFILE10_Test_035_01_07_2025_05_24_15,1.0471037246398318
MODELFILE10_Test_036_01_07_2025_05_24_15,7.669642590564228
MODELFILE10_Test_037_01_07_2025_05_24_15,10.08181946934373
MODELFILE10_Test_038_01_07_2025_05_24_15,0.6868388377090073
MODELFILE10_Test_039_01_07_2025_05_24_15,9.311237273744771
MODELFILE10_Test_040_01_07_2025_05_24_15,10.284913981535853
MODELFILE10_Test_042_01_07_2025_05_24_15,2.1238153728420017
MODELFILE10_Test_044_01_07_2025_05_24_15,9.311335532231015
MODELFILE10_Test_046_01_07_2025_05_24_15,9.311293134961808
MODELFILE10_Test_047_01_07_2025_05_24_15,8.711523761675318
MODELFILE10_Test_048_01_07_2025_05_24_15,8.71132767270183
MODELFILE10_Test_049_01_07_2025_05_24_15,9.910733526821533
MODELFILE10_Test_050_01_07_2025_05_24_15,0.6215433818299153
MODELFILE10_Test_051_01_07_2025_05_24_15,9.31118168868443
MODELFILE10_Test_052_01_07_2025_05_24_15,2.0884073944999315
MODELFILE10_Test_053_01_07_2025_05_24_15,1.8520999752605307
MODELFILE10_Test_054_01_07_2025_05_24_15,7.512100941671927
MODELFILE10_Test_055_01_07_2025_05_24_15,9.910967989574536
MODELFILE10_Test_056_01_07_2025_05_24_15,9.911127567025115
MODELFILE10_Test_057_01_07_2025_05_24_15,8.711406281181006
MODELFILE10_Test_058_01_07_2025_05_24_15,9.311256861526827
MODELFILE10_Test_059_01_07_2025_05_24_15,9.311005577277632
MODELFILE10_Test_060_01_07_2025_05_24_15,9.311285119195686
MODELFILE10_Test_061_01_07_2025_05_24_15,2.093347193424735
MODELFILE10_Test_062_01_07_2025_05_24_15,2.0968909473708486
MODELFILE10_Test_063_01_07_2025_05_24_15,8.915669231565417
MODELFILE10_Test_064_01_07_2025_05_24_15,2.3260689293839376
MODELFILE10_Test_066_01_07_2025_06_27_47,7.035242162572949
MODELFILE10_Test_067_01_07_2025_06_27_47,9.595064761569136
MODELFILE10_Test_068_01_07_2025_06_27_47,0.5330197814321219
MODELFILE10_Test_069_01_07_2025_06_27_47,2.896121533905272
MODELFILE10_Test_070_01_07_2025_06_27_47,8.711356157827717
MODELFILE10_Test_071_01_07_2025_06_27_47,0.6327375061594678
MODELFILE10_Test_072_01_07_2025_06_27_47,9.91090809685011
MODELFILE10_Test_073_01_07_2025_06_27_47,6.062292884595866
MODELFILE10_Test_074_01_07_2025_06_27_47,2.132821397856627
MODELFILE10_Test_075_01_07_2025_06_27_47,9.311065135803805
MODELFILE10_Test_076_01_07_2025_06_27_47,0.4830976800617261
MODELFILE10_Test_077_01_07_2025_06_27_47,2.075462530483744
MODELFILE10_Test_078_01_07_2025_06_27_47,9.911198383015531
MODELFILE10_Test_079_01_07_2025_06_27_47,9.911139270989764
MODELFILE10_Test_080_01_07_2025_06_27_47,0.7874760177139996
MODELFILE10_Test_081_01_07_2025_06_27_47,7.170023754915098
MODELFILE10_Test_082_01_07_2025_06_27_47,9.311221863376536
MODELFILE10_Test_083_01_07_2025_06_27_47,9.311209162963689
MODELFILE10_Test_084_01_07_2025_06_27_47,2.713877401775909
MODELFILE10_Test_085_01_07_2025_06_27_47,0.2751401010607578
MODELFILE10_Test_086_01_07_2025_06_27_47,9.311174268393376
MODELFILE10_Test_087_01_07_2025_06_27_47,9.911196536779858
MODELFILE10_Test_088_01_07_2025_06_27_47,0.9699453450921666
MODELFILE10_Test_089_01_07_2025_06_27_47,4.841886222927142
MODELFILE10_Test_090_01_07_2025_06_27_47,8.711357571259525
MODELFILE10_Test_091_01_07_2025_06_27_47,9.911057784117542
MODELFILE10_Test_092_01_07_2025_06_27_47,0.667390189686869
MODELFILE10_Test_093_01_07_2025_06_27_47,9.763982136219314
MODELFILE10_Test_094_01_07_2025_06_27_47,8.033278675837288
MODELFILE10_Test_095_01_07_2025_06_27_47,2.5258153654710207
MODELFILE10_Test_096_01_07_2025_06_27_47,9.311297637789043
MODELFILE10_Test_097_01_07_2025_07_35_00,2.1836853239538936
MODELFILE10_Test_098_01_07_2025_07_35_00,9.910747926669774
MODELFILE10_Test_099_01_07_2025_07_35_00,2.1279257386767982
MODELFILE10_Test_100_01_07_2025_07_35_00,10.136197741470557
MODELFILE10_Test_101_01_07_2025_07_35_00,2.3084051131215118
MODELFILE10_Test_102_01_07_2025_07_35_00,5.892169322349851
MODELFILE10_Test_103_01_07_2025_07_35_00,2.1319760269928167
MODELFILE10_Test_104_01_07_2025_07_35_00,0.2466222460914087
MODELFILE10_Test_105_01_07_2025_07_35_00,0.49573566149064513
MODELFILE10_Test_106_01_07_2025_07_35_00,10.18767662080514
MODELFILE10_Test_107_01_07_2025_07_35_00,8.711490079096853
MODELFILE10_Test_108_01_07_2025_07_35_00,1.3845528678236936
MODELFILE10_Test_109_01_07_2025_07_35_00,7.5121910443793425
MODELFILE10_Test_110_01_07_2025_07_35_00,10.178858535565801
MODELFILE10_Test_111_01_07_2025_07_35_00,5.353190641681609
MODELFILE10_Test_112_01_07_2025_07_35_00,7.512179264041499
MODELFILE10_Test_113_01_07_2025_07_35_00,11.11052672223275
MODELFILE10_Test_114_01_07_2025_07_35_00,2.148720426708496
MODELFILE10_Test_115_01_07_2025_07_35_00,9.311219976070594
MODELFILE10_Test_116_01_07_2025_07_35_00,8.711368018945445
MODELFILE10_Test_117_01_07_2025_07_35_00,9.311289915281382
MODELFILE10_Test_118_01_07_2025_07_35_00,2.0847984260156665
MODELFILE10_Test_119_01_07_2025_07_35_00,9.311064754157368
MODELFILE10_Test_120_01_07_2025_07_35_00,7.5926380927127735
MODELFILE10_Test_121_01_07_2025_07_35_00,9.31125023836729
MODELFILE10_Test_122_01_07_2025_07_35_00,2.0962169982323315
MODELFILE10_Test_123_01_07_2025_07_35_00,4.202681553863285
MODELFILE10_Test_124_01_07_2025_07_35_00,2.0947746528955546
MODELFILE10_Test_125_01_07_2025_07_35_00,8.111760165075554
MODELFILE10_Test_126_01_07_2025_07_35_00,10.208192681157191
MODELFILE10_Test_127_01_07_2025_07_35_00,8.111869352470823
MODELFILE10_Test_128_01_07_2025_07_35_00,9.311469667024998
